-- --------------------------------------------------------
-- 主机:                           127.0.0.1
-- 服务器版本:                        5.0.51b-community-nt-log - MySQL Community Edition (GPL)
-- 服务器操作系统:                      Win32
-- HeidiSQL 版本:                  9.3.0.4984
-- --------------------------------------------------------

/*!40101 SET @OLD_CHARACTER_SET_CLIENT=@@CHARACTER_SET_CLIENT */;
/*!40101 SET NAMES utf8 */;
/*!40014 SET @OLD_FOREIGN_KEY_CHECKS=@@FOREIGN_KEY_CHECKS, FOREIGN_KEY_CHECKS=0 */;
/*!40101 SET @OLD_SQL_MODE=@@SQL_MODE, SQL_MODE='NO_AUTO_VALUE_ON_ZERO' */;

-- 导出 diabetes 的数据库结构
CREATE DATABASE IF NOT EXISTS `diabetes` /*!40100 DEFAULT CHARACTER SET utf8 */;
USE `diabetes`;


-- 导出  表 diabetes.comment 结构
CREATE TABLE IF NOT EXISTS `comment` (
  `commentid` int(11) NOT NULL auto_increment,
  `indicatorid` int(11) default NULL,
  `userid` int(11) NOT NULL,
  `step` varchar(11) character set latin1 NOT NULL,
  `comment` varchar(1000) character set latin1 NOT NULL,
  `inserted` datetime default NULL,
  `updated` datetime default NULL,
  PRIMARY KEY  (`commentid`),
  UNIQUE KEY `combined_key` (`userid`,`indicatorid`,`step`),
  KEY `indicatorid` (`indicatorid`),
  KEY `userid` (`userid`)
) ENGINE=MyISAM DEFAULT CHARSET=gb2312;

-- 正在导出表  diabetes.comment 的数据：0 rows
DELETE FROM `comment`;
/*!40000 ALTER TABLE `comment` DISABLE KEYS */;
/*!40000 ALTER TABLE `comment` ENABLE KEYS */;


-- 导出  表 diabetes.concept 结构
CREATE TABLE IF NOT EXISTS `concept` (
  `id` int(11) NOT NULL auto_increment,
  `userid` int(11) NOT NULL,
  `indicatorid` int(11) NOT NULL,
  `indicatortext` varchar(200) NOT NULL,
  `conceptid` varchar(50) NOT NULL,
  `inserted` datetime default NULL,
  PRIMARY KEY  (`id`),
  KEY `userid` (`userid`),
  KEY `indicatorid` (`indicatorid`)
) ENGINE=MyISAM AUTO_INCREMENT=97 DEFAULT CHARSET=utf8;

-- 正在导出表  diabetes.concept 的数据：70 rows
DELETE FROM `concept`;
/*!40000 ALTER TABLE `concept` DISABLE KEYS */;
INSERT INTO `concept` (`id`, `userid`, `indicatorid`, `indicatortext`, `conceptid`, `inserted`) VALUES
	(1, 1, 1, 'diabetes', '73211009', '2015-12-15 15:00:16'),
	(5, 1, 3, 'diabetes', '73211009', '2015-12-16 11:16:04'),
	(96, 1, 2, 'diabetes', '73211009', '2016-05-10 18:58:38'),
	(4, 1, 2, 'type I diabetes', '46635009', '2015-12-15 21:37:55'),
	(6, 1, 3, 'type II diabetes', '44054006', '2015-12-16 11:16:25'),
	(7, 1, 6, 'HbA1c measurment', '43396009', '2015-12-16 18:26:02'),
	(8, 1, 6, 'diabetes', '73211009', '2015-12-16 18:26:20'),
	(9, 1, 8, 'diabetes', '73211009', '2015-12-16 19:35:44'),
	(10, 1, 10, 'diabetes', '73211009', '2015-12-16 19:41:34'),
	(11, 1, 11, 'diabetes', '73211009', '2015-12-16 19:47:26'),
	(78, 1, 18, 'lipids measurement', '104780002', '2016-03-06 22:15:45'),
	(13, 1, 13, 'diabetes', '73211009', '2015-12-16 20:06:16'),
	(77, 1, 17, 'lipids measurement', '104780002', '2016-03-06 22:07:19'),
	(15, 1, 16, 'diabetes', '73211009', '2015-12-16 20:13:05'),
	(16, 1, 16, 'lipids measurement', '104780002', '2015-12-16 20:13:16'),
	(17, 1, 17, 'diabetes', '73211009', '2015-12-16 20:22:21'),
	(18, 1, 18, 'diabetes', '73211009', '2015-12-16 20:24:14'),
	(19, 1, 19, 'diabetes', '73211009', '2015-12-16 21:27:37'),
	(20, 1, 19, 'lipid lowering drugs', '57952007', '2015-12-16 21:28:16'),
	(21, 1, 20, 'diabetes', '73211009', '2015-12-16 21:55:48'),
	(22, 1, 23, 'diabetes', '73211009', '2015-12-16 21:56:31'),
	(23, 1, 24, 'diabetes', '73211009', '2015-12-16 21:59:54'),
	(24, 1, 25, 'diabetes', '73211009', '2015-12-16 22:21:31'),
	(94, 1, 25, 'urinalysis', '271000000', '2016-04-12 02:13:10'),
	(26, 1, 27, 'diabetes', '73211009', '2015-12-17 10:06:45'),
	(27, 1, 28, 'diabetes', '73211009', '2015-12-17 11:03:22'),
	(28, 1, 30, 'diabetes', '73211009', '2015-12-17 11:05:05'),
	(29, 1, 31, 'diabetes', '73211009', '2015-12-17 11:19:52'),
	(31, 1, 33, 'diabetes', '73211009', '2015-12-17 11:23:06'),
	(32, 1, 36, 'diabetes', '73211009', '2015-12-17 13:24:14'),
	(33, 1, 36, 'diet discussion', '226069004', '2015-12-17 13:24:33'),
	(34, 1, 37, 'diabetes', '73211009', '2015-12-17 13:30:41'),
	(35, 1, 37, 'alcohol screening', '171208001', '2015-12-17 13:31:06'),
	(36, 1, 38, 'diabetes', '73211009', '2015-12-17 13:36:22'),
	(37, 1, 38, 'physical activity', '398636004', '2015-12-17 13:36:33'),
	(38, 1, 39, 'diabetes', '73211009', '2015-12-17 13:42:16'),
	(92, 1, 39, 'foot examination', '401191002', '2016-04-05 12:57:29'),
	(40, 1, 41, 'diabetes', '73211009', '2015-12-17 13:53:31'),
	(42, 1, 43, 'diabetes', '73211009', '2015-12-17 13:56:30'),
	(44, 1, 42, 'diabetes', '73211009', '2015-12-19 21:01:48'),
	(45, 1, 42, 'retinopathy screening', '134395001', '2015-12-19 21:15:50'),
	(47, 1, 44, 'diabetes', '73211009', '2015-12-19 21:36:19'),
	(82, 1, 44, 'diet therappy', '226077000', '2016-04-05 12:00:26'),
	(50, 1, 45, 'diabetes', '73211009', '2015-12-21 19:58:55'),
	(85, 1, 45, 'oral drugs treatment', '170746002', '2016-04-05 12:07:17'),
	(89, 1, 46, 'insulin therapy', '225302006', '2016-04-05 12:12:35'),
	(88, 1, 46, 'oral drugs treatment', '170746002', '2016-04-05 12:12:18'),
	(56, 1, 47, 'diabetes', '73211009', '2015-12-21 20:12:19'),
	(57, 1, 48, 'type II diabetes', '44054006', '2015-12-21 20:15:00'),
	(58, 1, 48, 'metformin', '109081006', '2015-12-21 20:21:22'),
	(59, 1, 49, 'diabetes', '73211009', '2015-12-21 20:31:41'),
	(60, 1, 49, 'Influenza vaccination', '86198006', '2015-12-21 20:32:15'),
	(61, 1, 4, 'diabetes', '73211009', '2016-01-04 18:55:30'),
	(87, 1, 46, 'diabetes', '73211009', '2016-04-05 12:12:00'),
	(68, 1, 50, 'HbA1c measurment', '43396009', '2016-01-04 21:39:42'),
	(93, 1, 50, 'diabetes', '73211009', '2016-04-05 14:02:22'),
	(70, 1, 50, 'lipids measurement', '104780002', '2016-01-04 21:40:23'),
	(71, 1, 50, 'urinalysis', '167217005', '2016-01-04 21:41:13'),
	(73, 1, 50, 'foot examination', '401191002', '2016-01-04 21:44:00'),
	(74, 1, 50, 'retinopathy screening', '134395001', '2016-01-04 21:44:25'),
	(75, 1, 8, 'HbA1c measurment', '43396009', '2016-03-06 20:53:17'),
	(76, 1, 10, 'HbA1c measurment', '43396009', '2016-03-06 21:18:49'),
	(79, 1, 20, 'GFR measurement', '444336003', '2016-04-05 10:54:02'),
	(80, 1, 23, 'GFR measurement', '444275009', '2016-04-05 10:58:51'),
	(81, 1, 24, 'GFR measurement', '444275009', '2016-04-05 11:02:21'),
	(83, 1, 44, 'oral antidiabetic drugs', '170746002', '2016-04-05 12:00:43'),
	(84, 1, 44, 'insulin therapy', '225302006', '2016-04-05 12:01:05'),
	(86, 1, 45, 'insulin therapy', '225302006', '2016-04-05 12:07:34'),
	(90, 1, 47, 'insulin therapy', '225302006', '2016-04-05 12:25:02'),
	(91, 1, 47, 'oral drugs treatment', '170746002', '2016-04-05 12:25:27');
/*!40000 ALTER TABLE `concept` ENABLE KEYS */;


-- 导出  表 diabetes.formalised_constraint 结构
CREATE TABLE IF NOT EXISTS `formalised_constraint` (
  `id` int(11) NOT NULL auto_increment,
  `userid` int(11) NOT NULL,
  `indicatorid` int(11) NOT NULL,
  `constrainttype` varchar(200) NOT NULL,
  `indicatortext` varchar(500) default NULL,
  `table` varchar(200) default NULL,
  `attribute` varchar(200) default NULL,
  `conceptid` varchar(50) default NULL,
  `relation` varchar(40) NOT NULL,
  `date` date default NULL,
  `table2` varchar(200) default NULL,
  `attribute2` varchar(200) default NULL,
  `number` int(11) default NULL,
  `txt` varchar(50) NOT NULL,
  `boolean` tinyint(1) default NULL,
  `isexclusion` tinyint(1) default '0',
  `numeratoronly` tinyint(1) default NULL,
  `active` tinyint(1) NOT NULL default '1',
  `lastvalue` tinyint(1) NOT NULL default '0',
  `inserted` datetime default NULL,
  `updated` datetime default NULL,
  PRIMARY KEY  (`id`),
  KEY `userid` (`userid`),
  KEY `indicatorid` (`indicatorid`)
) ENGINE=MyISAM AUTO_INCREMENT=32264 DEFAULT CHARSET=utf8;

-- 正在导出表  diabetes.formalised_constraint 的数据：228 rows
DELETE FROM `formalised_constraint`;
/*!40000 ALTER TABLE `formalised_constraint` DISABLE KEYS */;
INSERT INTO `formalised_constraint` (`id`, `userid`, `indicatorid`, `constrainttype`, `indicatortext`, `table`, `attribute`, `conceptid`, `relation`, `date`, `table2`, `attribute2`, `number`, `txt`, `boolean`, `isexclusion`, `numeratoronly`, `active`, `lastvalue`, `inserted`, `updated`) VALUES
	(32246, 1, 10, 'temporal_date', 'reporting year', 'patient', 'admission_date', NULL, 'greater-than-or-equal-to', '2014-01-01', NULL, NULL, NULL, '', NULL, NULL, NULL, 1, 0, '2016-05-03 17:54:02', NULL),
	(3196, 1, 8, 'temporal_date', 'age<80', 'patient', 'Date_of_Birth', NULL, 'greater-than', '1933-12-31', NULL, NULL, NULL, '', NULL, NULL, 0, 1, 0, '2016-01-04 19:27:52', '2016-04-12 02:58:24'),
	(32244, 1, 8, 'temporal_date', 'reporting year', 'patient', 'admission_date', NULL, 'greater-than-or-equal-to', '2014-01-01', NULL, NULL, NULL, '', NULL, NULL, NULL, 1, 0, '2016-05-03 17:51:37', NULL),
	(32245, 1, 8, 'temporal_date', 'reporting year', 'patient', 'admission_date', NULL, 'less-than-or-equal-to', '2014-12-31', NULL, NULL, NULL, '', NULL, NULL, NULL, 1, 0, '2016-05-03 17:51:37', NULL),
	(32257, 1, 18, 'temporal_date', 'reporting year', 'lipids measurement', 'test_date', NULL, 'greater-than-or-equal-to', '2013-01-01', NULL, NULL, NULL, '', NULL, NULL, 1, 1, 0, '2016-05-11 16:19:17', '2016-05-11 16:19:35'),
	(32249, 1, 3, 'informationmodel', NULL, 'diabetes', 'diagnosis_code_SNOMED', '73211009', 'is', NULL, NULL, NULL, NULL, '', NULL, NULL, NULL, 1, 0, '2016-05-10 19:00:31', NULL),
	(32241, 1, 6, 'temporal_date', 'HbA1c measured last 12 months', 'HbA1c measurement', 'test_date', NULL, 'less-than-or-equal-to', '2014-12-31', NULL, NULL, NULL, '', NULL, NULL, 1, 1, 0, '2016-05-03 17:04:28', '2016-05-03 17:38:32'),
	(3190, 1, 6, 'temporal_date', 'age<80', 'patient', 'Date_of_Birth', NULL, 'greater-than-or-equal-to', '1933-12-31', NULL, NULL, NULL, '', NULL, NULL, 0, 1, 0, '2016-01-04 19:22:15', '2016-05-03 17:38:32'),
	(32240, 1, 6, 'temporal_date', 'reporting year', 'patient', 'admission_date', NULL, 'less-than-or-equal-to', '2014-12-31', NULL, NULL, NULL, '', NULL, NULL, 0, 1, 0, '2016-05-03 17:00:49', '2016-05-03 17:38:32'),
	(32140, 1, 19, 'informationmodel', NULL, 'lipid lowering drugs', 'treatment_type', '57952007', 'is', NULL, NULL, NULL, NULL, '', NULL, NULL, 1, 1, 0, '2016-04-05 09:56:58', '2016-04-05 09:57:05'),
	(32252, 1, 4, 'temporal_date', 'reporting year', 'patient', 'admission_date', NULL, 'less-than-or-equal-to', '2014-12-31', NULL, NULL, NULL, '', NULL, NULL, 0, 1, 0, '2016-05-10 19:34:59', '2016-05-10 19:35:13'),
	(32251, 1, 4, 'temporal_date', 'reporting year', 'patient', 'admission_date', NULL, 'greater-than-or-equal-to', '2014-01-01', NULL, NULL, NULL, '', NULL, NULL, 0, 1, 0, '2016-05-10 19:34:59', '2016-05-10 19:35:13'),
	(3180, 1, 4, 'temporal_date', 'age<80', 'patient', 'Date_of_Birth', NULL, 'greater-than', '1933-12-31', NULL, NULL, NULL, '', NULL, NULL, 0, 1, 0, '2016-01-04 19:11:21', '2016-05-10 19:35:13'),
	(3183, 1, 5, 'temporal_date', 'age<80', 'patient', 'Date_of_Birth', NULL, 'greater-than', '1933-12-31', NULL, NULL, NULL, '', NULL, NULL, 0, 1, 0, '2016-01-04 19:13:22', '2016-01-04 19:15:47'),
	(3182, 1, 5, 'temporal_date', 'reporting year', 'patient', 'Diagnosis_date', NULL, 'less-than-or-equal-to', '2014-12-31', NULL, NULL, NULL, '', NULL, NULL, 0, 1, 0, '2016-01-04 19:11:49', '2016-01-04 19:15:47'),
	(3184, 1, 5, 'temporal_date', 'primary care more than12 months', 'patient', 'Admission_Date', NULL, 'less-than-or-equal-to', '2013-12-31', NULL, NULL, NULL, '', NULL, NULL, 1, 1, 0, '2016-01-04 19:14:13', '2016-01-04 19:15:47'),
	(32076, 1, 3, 'informationmodel', NULL, 'type II diabetes', 'diagnosis_code_SNOMED', '44054006', 'is', NULL, NULL, NULL, NULL, '', NULL, NULL, 1, 1, 0, '2016-03-06 20:41:53', '2016-05-03 16:47:38'),
	(32250, 1, 4, 'informationmodel', NULL, 'diabetes', 'diagnosis_code_SNOMED', '73211009', 'is', NULL, NULL, NULL, NULL, '', NULL, NULL, 1, 1, 0, '2016-05-10 19:01:51', '2016-05-10 19:35:13'),
	(3175, 1, 3, 'temporal_date', 'age<80', 'patient', 'Date_of_Birth', NULL, 'greater-than', '1933-12-31', NULL, NULL, NULL, '', NULL, NULL, 0, 1, 0, '2016-01-04 16:14:56', '2016-05-03 16:47:38'),
	(3171, 1, 1, 'temporal_date', 'age<80', 'patient', 'Date_of_Birth', NULL, 'greater-than', '1933-12-31', NULL, NULL, NULL, '', NULL, NULL, 0, 1, 0, '2016-01-04 16:09:40', '2016-03-06 18:09:05'),
	(32231, 1, 1, 'temporal_date', 'reporting year', 'patient', 'admission_date', NULL, 'less-than-or-equal-to', '2014-12-31', NULL, NULL, NULL, '', NULL, NULL, NULL, 1, 0, '2016-05-03 16:40:02', NULL),
	(3172, 1, 2, 'temporal_date', 'age<80', 'patient', 'Date_of_Birth', NULL, 'greater-than', '1933-12-31', NULL, NULL, NULL, '', NULL, NULL, 0, 1, 0, '2016-01-04 16:11:58', '2016-03-06 20:20:51'),
	(32203, 1, 49, 'temporal_date', 'Influenza vaccination in past 12 months', 'Influenza vaccination', 'conduction_date', NULL, 'less-than-or-equal-to', '2013-12-31', NULL, NULL, NULL, '', NULL, NULL, 1, 1, 0, '2016-04-05 13:58:20', '2016-04-05 13:58:41'),
	(32198, 1, 49, 'informationmodel', NULL, 'diabetes', 'diagnosis_code_SNOMED', '73211009', 'is', NULL, NULL, NULL, NULL, '', NULL, NULL, 0, 1, 0, '2016-04-05 13:51:45', '2016-04-05 13:58:41'),
	(32197, 1, 48, 'numeric', 'BMI>=25', 'firstpage', 'BMI', NULL, 'greater-than-or-equal-to', NULL, NULL, NULL, 25, '', NULL, NULL, NULL, 1, 0, '2016-04-05 13:48:14', NULL),
	(32199, 1, 49, 'informationmodel', NULL, 'Influenza vaccination', 'treatment_code_SNOMED', '86198006', 'is', NULL, NULL, NULL, NULL, '', NULL, NULL, 1, 1, 0, '2016-04-05 13:55:58', '2016-04-05 13:58:41'),
	(32193, 1, 48, 'informationmodel', NULL, 'diabetes', 'diagnosis_code_SNOMED', '44054006', 'is', NULL, NULL, NULL, NULL, '', NULL, NULL, 0, 1, 0, '2016-04-05 13:45:57', '2016-04-05 13:47:17'),
	(32194, 1, 48, 'informationmodel', NULL, 'metformin', 'treatment_code_SNOMED', '109081006', 'is', NULL, NULL, NULL, NULL, '', NULL, NULL, 1, 1, 0, '2016-04-05 13:46:09', '2016-04-05 13:47:17'),
	(32175, 1, 46, 'informationmodel', NULL, 'oral medication', 'treatment_type', '170746002', 'is', NULL, NULL, NULL, NULL, '', NULL, NULL, 1, 1, 0, '2016-04-05 12:16:06', '2016-04-05 12:16:56'),
	(32169, 1, 46, 'informationmodel', NULL, 'diabetes', 'diagnosis_code_SNOMED', '73211009', 'is', NULL, NULL, NULL, NULL, '', NULL, NULL, 0, 1, 0, '2016-04-05 12:13:26', '2016-04-05 12:16:56'),
	(32164, 1, 45, 'informationmodel', NULL, 'insulin therapy', 'treatment_type', '225302006', 'is', NULL, NULL, NULL, NULL, '', NULL, NULL, 1, 1, 0, '2016-04-05 12:08:59', '2016-04-05 12:10:40'),
	(32163, 1, 45, 'informationmodel', NULL, 'diabetes', 'diagnosis_code_SNOMED', '73211009', 'is', NULL, NULL, NULL, NULL, '', NULL, NULL, 0, 1, 0, '2016-04-05 12:08:50', '2016-04-05 12:10:40'),
	(32165, 1, 45, 'informationmodel', NULL, 'oral medication', 'treatment_type', '170746002', 'is', NULL, NULL, NULL, NULL, '', NULL, NULL, 1, 1, 0, '2016-04-05 12:09:09', '2016-04-05 12:10:40'),
	(32159, 1, 44, 'informationmodel', NULL, 'insulin', 'treatment_type', '225302006', 'is', NULL, NULL, NULL, NULL, '', NULL, NULL, 1, 1, 0, '2016-04-05 12:02:56', '2016-04-05 12:05:25'),
	(32157, 1, 44, 'informationmodel', NULL, 'diabetes', 'diagnosis_code_SNOMED', '73211009', 'is', NULL, NULL, NULL, NULL, '', NULL, NULL, 0, 1, 0, '2016-04-05 12:02:07', '2016-04-05 12:05:25'),
	(32158, 1, 44, 'informationmodel', NULL, 'diet therapy', 'treatment_type', '226077000', 'is', NULL, NULL, NULL, NULL, '', NULL, NULL, 1, 1, 0, '2016-04-05 12:02:45', '2016-04-05 12:05:25'),
	(32192, 1, 42, 'temporal_date', 'retinopathy screening', 'diabetic retinopathy ', 'examination_date', NULL, 'less-than-or-equal-to', '2013-12-31', NULL, NULL, NULL, '', NULL, NULL, 1, 1, 0, '2016-04-05 13:44:21', '2016-04-05 13:44:42'),
	(32188, 1, 42, 'informationmodel', NULL, 'diabetic retinopathy ', 'examination_code_SNOMED', '134395001', 'is', NULL, NULL, NULL, NULL, '', NULL, NULL, 1, 1, 0, '2016-04-05 13:42:31', '2016-04-05 13:44:42'),
	(32187, 1, 42, 'informationmodel', NULL, 'diabetes', 'diagnosis_code_SNOMED', '73211009', 'is', NULL, NULL, NULL, NULL, '', NULL, NULL, 0, 1, 0, '2016-04-05 13:42:23', '2016-04-05 13:44:42'),
	(32217, 1, 43, 'informationmodel', NULL, 'diabetes', 'diagnosis_code_SNOMED', '73211009', 'is', NULL, NULL, NULL, NULL, '', NULL, NULL, 0, 1, 0, '2016-04-05 15:27:48', '2016-04-12 00:24:15'),
	(32213, 1, 41, 'informationmodel', NULL, 'diabetes', 'diagnosis_code_SNOMED', '73211009', 'is', NULL, NULL, NULL, NULL, '', NULL, NULL, 0, 1, 0, '2016-04-05 15:21:36', '2016-04-05 15:26:28'),
	(32211, 1, 50, 'temporal_date', 'reporting year', 'patient', 'admission_date', NULL, 'less-than-or-equal-to', '2014-12-31', NULL, NULL, NULL, '', NULL, NULL, 0, 1, 0, '2016-04-05 14:09:29', '2016-04-05 14:11:06'),
	(32186, 1, 39, 'temporal_date', 'foot examination in last 12 months', 'diabetic foot', 'examination_date', NULL, 'less-than-or-equal-to', '2013-12-31', NULL, NULL, NULL, '', NULL, NULL, 1, 1, 0, '2016-04-05 13:36:11', '2016-04-05 13:41:00'),
	(32181, 1, 39, 'informationmodel', NULL, 'diabetes', 'diagnosis_code_SNOMED', '73211009', 'is', NULL, NULL, NULL, NULL, '', NULL, NULL, 0, 1, 0, '2016-04-05 12:35:17', '2016-04-05 13:41:00'),
	(32239, 1, 6, 'temporal_date', 'reporting year', 'patient', 'admission_date', NULL, 'greater-than-or-equal-to', '2014-01-01', NULL, NULL, NULL, '', NULL, NULL, 0, 1, 0, '2016-05-03 17:00:49', '2016-05-03 17:38:32'),
	(3135, 1, 38, 'temporal_date', 'physical activity assessed in last 12 months', 'physical activity', 'Procedure_undertaken_time', NULL, 'less-than-or-equal-to', '2013-12-31', NULL, NULL, NULL, '', NULL, NULL, 1, 1, 0, '2015-12-17 13:38:33', '2015-12-17 13:38:47'),
	(3134, 1, 38, 'temporal_date', 'physical activity assessed in last 12 months', 'physical activity', 'Procedure_undertaken_time', NULL, 'greater-than-or-equal-to', '2013-01-01', NULL, NULL, NULL, '', NULL, NULL, 1, 1, 0, '2015-12-17 13:38:09', '2015-12-17 13:38:47'),
	(32258, 1, 18, 'temporal_date', 'reporting year', 'lipids measurement', 'test_date', NULL, 'less-than-or-equal-to', '2013-12-31', NULL, NULL, NULL, '', NULL, NULL, 1, 1, 0, '2016-05-11 16:19:17', '2016-05-11 16:19:35'),
	(3131, 1, 37, 'temporal_date', 'alcohol screening in last 5 years', 'alcohol screening', 'Procedure_undertaken_time', NULL, 'greater-than-or-equal-to', '2009-01-01', NULL, NULL, NULL, '', NULL, NULL, 1, 1, 0, '2015-12-17 13:33:26', '2015-12-17 13:33:43'),
	(3130, 1, 37, 'temporal_date', 'alcohol screening in last 5 years', 'alcohol screening', 'Procedure_undertaken_time', NULL, 'less-than-or-equal-to', '2013-12-31', NULL, NULL, NULL, '', NULL, NULL, 1, 1, 0, '2015-12-17 13:33:00', '2015-12-17 13:33:43'),
	(3128, 1, 37, 'informationmodel', NULL, 'diabetes', 'SNOMED_CT_Code', '73211009', 'is', NULL, NULL, NULL, NULL, '', NULL, NULL, 0, 1, 0, '2015-12-17 13:31:35', '2015-12-17 13:33:43'),
	(3129, 1, 37, 'informationmodel', NULL, 'alcohol screening', 'SNOMED_CT_Code', '171208001', 'is', NULL, NULL, NULL, NULL, '', NULL, NULL, 1, 1, 0, '2015-12-17 13:32:19', '2015-12-17 13:33:43'),
	(3127, 1, 36, 'temporal_date', 'diet review in last 12 months', 'diet review', 'Procedure_undertaken_time', NULL, 'less-than-or-equal-to', '2013-12-31', NULL, NULL, NULL, '', NULL, NULL, 1, 1, 0, '2015-12-17 13:26:21', '2015-12-17 13:26:37'),
	(3126, 1, 36, 'temporal_date', 'diet review in last 12 months', 'diet review', 'Procedure_undertaken_time', NULL, 'greater-than-or-equal-to', '2013-01-01', NULL, NULL, NULL, '', NULL, NULL, 1, 1, 0, '2015-12-17 13:25:47', '2015-12-17 13:26:37'),
	(32182, 1, 39, 'informationmodel', NULL, 'diabetic foot', 'examination_code_SNOMED', '401191002', 'is', NULL, NULL, NULL, NULL, '', NULL, NULL, 1, 1, 0, '2016-04-05 13:32:27', '2016-04-05 13:41:00'),
	(32138, 1, 33, 'numeric', 'BMI<25', 'firstpage', 'BMI', NULL, 'less-than', NULL, NULL, NULL, 25, '', NULL, NULL, 1, 1, 0, '2016-03-06 22:43:05', '2016-03-06 22:43:17'),
	(3117, 1, 30, 'boolean', 'smoking patients', 'Smoking', 'smoking', NULL, '=', NULL, NULL, NULL, NULL, '', 1, NULL, 1, 1, 0, '2015-12-17 11:14:13', '2015-12-17 11:14:32'),
	(3116, 1, 30, 'temporal_date', 'cessation_education', 'Smoking', 'cessation_education_date', NULL, 'less-than-or-equal-to', '2013-12-31', NULL, NULL, NULL, '', NULL, NULL, 1, 1, 0, '2015-12-17 11:13:42', '2015-12-17 11:14:32'),
	(3115, 1, 30, 'temporal_date', 'cessation_education', 'Smoking', 'cessation_education_date', NULL, 'greater-than-or-equal-to', '2013-01-01', NULL, NULL, NULL, '', NULL, NULL, 1, 1, 0, '2015-12-17 11:13:16', '2015-12-17 11:14:32'),
	(3114, 1, 30, 'boolean', 'cessation education', 'Smoking', 'cessation_education', NULL, '=', NULL, NULL, NULL, NULL, '', 1, NULL, 1, 1, 0, '2015-12-17 11:10:33', '2015-12-17 11:14:32'),
	(3111, 1, 28, 'boolean', 'smoking patients', 'Smoking', 'smoking', NULL, '=', NULL, NULL, NULL, NULL, '', 1, NULL, 1, 1, 0, '2015-12-17 11:04:20', '2015-12-17 11:04:26'),
	(3109, 1, 27, 'boolean', 'smoking status', 'Smoking', 'status', NULL, '=', NULL, NULL, NULL, NULL, '', 1, NULL, 1, 1, 0, '2015-12-17 11:02:38', '2015-12-17 11:02:51'),
	(32079, 1, 6, 'informationmodel', NULL, 'HbA1c measurement', 'test_code_SNOMED', '43396009', 'is', NULL, NULL, NULL, NULL, '', NULL, NULL, 1, 1, 0, '2016-03-06 20:43:24', '2016-05-03 17:38:32'),
	(32114, 1, 17, 'informationmodel', NULL, 'lipids measurement', 'test_code_SNOMED', '104780002', 'is', NULL, NULL, NULL, NULL, '', NULL, NULL, 1, 1, 0, '2016-03-06 22:08:09', '2016-04-12 03:06:45'),
	(32253, 1, 16, 'temporal_date', 'lipids measurement date', 'lipids measurement', 'test_date', NULL, 'less-than-or-equal-to', '2014-12-31', NULL, NULL, NULL, '', NULL, NULL, 1, 1, 0, '2016-05-11 15:49:36', '2016-05-11 15:50:19'),
	(32084, 1, 8, 'informationmodel', NULL, 'HbA1c measurement', 'test_code_SNOMED', '43396009', 'is', NULL, NULL, NULL, NULL, '', NULL, NULL, 1, 1, 0, '2016-03-06 20:53:32', '2016-04-12 02:58:24'),
	(32091, 1, 10, 'informationmodel', NULL, 'HbA1c measurement', 'test_code_SNOMED', '43396009', 'is', NULL, NULL, NULL, NULL, '', NULL, NULL, 1, 1, 0, '2016-03-06 21:19:29', '2016-04-12 03:01:11'),
	(32083, 1, 8, 'informationmodel', NULL, 'diabetes', 'diagnosis_code_SNOMED', '73211009', 'is', NULL, NULL, NULL, NULL, '', NULL, NULL, 0, 1, 0, '2016-03-06 20:52:54', '2016-04-12 02:58:24'),
	(32222, 1, 10, 'numeric', 'HbA1c>69', 'HbA1c measurement', 'result', NULL, 'greater-than', NULL, NULL, NULL, 7, '', NULL, NULL, 1, 1, 0, '2016-04-11 23:37:21', '2016-04-12 03:01:11'),
	(32090, 1, 10, 'informationmodel', NULL, 'diabetes', 'diagnosis_code_SNOMED', '73211009', 'is', NULL, NULL, NULL, NULL, '', NULL, NULL, 0, 1, 0, '2016-03-06 21:19:24', '2016-04-12 03:01:11'),
	(32095, 1, 11, 'informationmodel', NULL, 'diabetes', 'diagnosis_code_SNOMED', '73211009', 'is', NULL, NULL, NULL, NULL, '', NULL, NULL, 0, 1, 0, '2016-03-06 21:22:39', '2016-05-17 20:14:06'),
	(32259, 1, 11, 'numeric', 'BP not null', 'firstpage', 'systolic_pressure', NULL, 'greater-than', NULL, NULL, NULL, 1, '', NULL, NULL, 1, 1, 0, '2016-05-17 20:13:42', '2016-05-17 20:14:06'),
	(32260, 1, 31, 'informationmodel', NULL, 'diabetes', 'diagnosis_code_SNOMED', '73211009', 'is', NULL, NULL, NULL, NULL, '', NULL, NULL, 0, 1, 0, '2016-05-17 20:15:19', '2016-05-17 20:16:34'),
	(32106, 1, 13, 'numeric', 'BP<=140', 'diabetes', 'systolic_pressure', NULL, 'less-than-or-equal-to', NULL, NULL, NULL, 140, '', NULL, NULL, 1, 1, 0, '2016-03-06 21:59:44', '2016-03-06 21:59:55'),
	(32103, 1, 13, 'informationmodel', NULL, 'diabetes', 'diagnosis_code_SNOMED', '73211009', 'is', NULL, NULL, NULL, NULL, '', NULL, NULL, 0, 1, 0, '2016-03-06 21:58:33', '2016-03-06 21:59:55'),
	(32108, 1, 16, 'informationmodel', NULL, 'lipids measurement', 'test_code_SNOMED', '104780002', 'is', NULL, NULL, NULL, NULL, '', NULL, NULL, 1, 1, 0, '2016-03-06 22:03:07', '2016-05-11 15:50:19'),
	(32107, 1, 16, 'informationmodel', NULL, 'diabetes', 'diagnosis_code_SNOMED', '73211009', 'is', NULL, NULL, NULL, NULL, '', NULL, NULL, 0, 1, 0, '2016-03-06 22:03:02', '2016-05-11 15:50:19'),
	(32117, 1, 17, 'numeric', 'cholesterol<4.5', 'lipids measurement', 'result', NULL, 'less-than', NULL, NULL, NULL, 5, '', NULL, NULL, 1, 1, 0, '2016-03-06 22:11:09', '2016-04-12 03:06:45'),
	(32113, 1, 17, 'informationmodel', NULL, 'diabetes', 'diagnosis_code_SNOMED', '73211009', 'is', NULL, NULL, NULL, NULL, '', NULL, NULL, 0, 1, 0, '2016-03-06 22:08:01', '2016-04-12 03:06:45'),
	(32119, 1, 18, 'informationmodel', NULL, 'diabetes', 'diagnosis_code_SNOMED', '73211009', 'is', NULL, NULL, NULL, NULL, '', NULL, NULL, 0, 1, 0, '2016-03-06 22:16:24', '2016-05-11 16:19:35'),
	(32123, 1, 18, 'numeric', 'LDL<2.5', 'lab_test', 'result', NULL, 'less-than', NULL, NULL, NULL, 3, '', NULL, NULL, 1, 1, 0, '2016-03-06 22:17:44', '2016-05-11 16:19:35'),
	(32135, 1, 33, 'informationmodel', NULL, 'diabetes', 'diagnosis_code_SNOMED', '73211009', 'is', NULL, NULL, NULL, NULL, '', NULL, NULL, 0, 1, 0, '2016-03-06 22:41:53', '2016-03-06 22:43:17'),
	(32141, 1, 20, 'informationmodel', NULL, 'diabetes', 'diagnosis_code_SNOMED', '73211009', 'is', NULL, NULL, NULL, NULL, '', NULL, NULL, 0, 1, 0, '2016-04-05 10:54:47', '2016-04-05 10:56:18'),
	(32145, 1, 23, 'informationmodel', NULL, 'diabetes', 'diagnosis_code_SNOMED', '73211009', 'is', NULL, NULL, NULL, NULL, '', NULL, NULL, 0, 1, 0, '2016-04-05 10:59:41', '2016-04-05 11:01:52'),
	(32150, 1, 23, 'numeric', 'GFR', 'GFR measurement', 'result', NULL, 'greater-than-or-equal-to', NULL, NULL, NULL, 30, '', NULL, NULL, 1, 1, 0, '2016-04-05 11:01:34', '2016-04-05 11:01:52'),
	(32149, 1, 23, 'numeric', 'GFR', 'GFR measurement', 'result', NULL, 'less-than', NULL, NULL, NULL, 60, '', NULL, NULL, 1, 1, 0, '2016-04-05 11:01:20', '2016-04-05 11:01:52'),
	(32151, 1, 24, 'informationmodel', NULL, 'diabetes', 'diagnosis_code_SNOMED', '73211009', 'is', NULL, NULL, NULL, NULL, '', NULL, NULL, 0, 1, 0, '2016-04-05 11:02:49', '2016-04-05 11:04:52'),
	(32156, 1, 24, 'numeric', 'GFR', 'GFR measurement', 'result', NULL, 'less-than', NULL, NULL, NULL, 30, '', NULL, NULL, 1, 1, 0, '2016-04-05 11:04:34', '2016-04-05 11:04:52'),
	(32129, 1, 25, 'informationmodel', NULL, 'diabetes', 'diagnosis_code_SNOMED', '73211009', 'is', NULL, NULL, NULL, NULL, '', NULL, NULL, 0, 1, 0, '2016-03-06 22:37:48', '2016-04-12 02:14:46'),
	(32228, 1, 25, 'informationmodel', NULL, 'urinalysis', 'test_code_SNOMED', '271000000', 'is', NULL, NULL, NULL, NULL, '', NULL, NULL, 1, 1, 0, '2016-04-12 02:13:34', '2016-04-12 02:14:46'),
	(32134, 1, 25, 'textual', 'ALB', 'urinalysis', 'test_code', NULL, 'equal-to', NULL, NULL, NULL, NULL, 'ALB', NULL, NULL, 1, 1, 0, '2016-03-06 22:40:17', '2016-04-12 02:14:46'),
	(32133, 1, 25, 'temporal_date', 'urinalysis in last 12 months', 'urinalysis', 'test_date', NULL, 'less-than-or-equal-to', '2013-12-31', NULL, NULL, NULL, '', NULL, NULL, 1, 1, 0, '2016-03-06 22:39:29', '2016-04-12 02:14:46'),
	(32078, 1, 6, 'informationmodel', NULL, 'diabetes', 'diagnosis_code_SNOMED', '73211009', 'is', NULL, NULL, NULL, NULL, '', NULL, NULL, 0, 1, 0, '2016-03-06 20:43:16', '2016-05-03 17:38:32'),
	(32235, 1, 2, 'temporal_date', 'reporting year', 'patient', 'admission_date', NULL, 'less-than-or-equal-to', '2014-12-31', NULL, NULL, NULL, '', NULL, NULL, NULL, 1, 0, '2016-05-03 16:42:38', NULL),
	(32236, 1, 3, 'temporal_date', 'reporting year', 'patient', 'admission_date', NULL, 'greater-than-or-equal-to', '2014-01-01', NULL, NULL, NULL, '', NULL, NULL, 0, 1, 0, '2016-05-03 16:46:39', '2016-05-03 16:47:38'),
	(32070, 1, 1, 'informationmodel', NULL, 'firstpage', 'diagnosis_code_SNOMED', '73211009', 'is', NULL, NULL, NULL, NULL, '', NULL, NULL, 1, 1, 0, '2016-03-06 18:07:50', '2016-03-06 18:09:05'),
	(32247, 1, 10, 'temporal_date', 'reporting year', 'patient', 'admission_date', NULL, 'less-than-or-equal-to', '2014-12-31', NULL, NULL, NULL, '', NULL, NULL, NULL, 1, 0, '2016-05-03 17:54:02', NULL),
	(3201, 1, 10, 'temporal_date', 'age<80', 'patient', 'Date_of_Birth', NULL, 'greater-than', '1933-12-31', NULL, NULL, NULL, '', NULL, NULL, 0, 1, 0, '2016-01-04 19:32:59', '2016-04-12 03:01:11'),
	(3205, 1, 11, 'temporal_date', 'age<80', 'patient', 'Date_of_Birth', NULL, 'greater-than', '1933-12-31', NULL, NULL, NULL, '', NULL, 0, 0, 1, 0, NULL, '2016-05-17 20:14:06'),
	(32098, 1, 11, 'temporal_date', 'reporting year', 'patient', 'admission_date', NULL, 'less-than-or-equal-to', '2014-12-31', NULL, NULL, NULL, '', NULL, NULL, 0, 1, 0, '2016-03-06 21:23:27', '2016-05-17 20:14:06'),
	(32097, 1, 11, 'temporal_date', 'reporting year', 'patient', 'admission_date', NULL, 'greater-than-or-equal-to', '2014-01-01', NULL, NULL, NULL, '', NULL, NULL, 0, 1, 0, '2016-03-06 21:23:27', '2016-05-17 20:14:06'),
	(32104, 1, 13, 'temporal_date', 'reporting year', 'patient', 'admission_date', NULL, 'greater-than-or-equal-to', '2014-01-01', NULL, NULL, NULL, '', NULL, NULL, 0, 1, 0, '2016-03-06 21:59:06', '2016-03-06 21:59:55'),
	(32105, 1, 13, 'temporal_date', 'reporting year', 'patient', 'admission_date', NULL, 'less-than-or-equal-to', '2014-12-31', NULL, NULL, NULL, '', NULL, NULL, 0, 1, 0, '2016-03-06 21:59:06', '2016-03-06 21:59:55'),
	(3209, 1, 13, 'temporal_date', 'age<80', 'patient', 'Date_of_Birth', NULL, 'greater-than', '1933-12-31', NULL, NULL, NULL, '', NULL, 0, 0, 1, 0, NULL, '2016-03-06 21:59:55'),
	(32254, 1, 16, 'temporal_date', 'lipids measurement date', 'lipids measurement', 'test_date', NULL, 'greater-than-or-equal-to', '2014-01-01', NULL, NULL, NULL, '', NULL, NULL, 1, 1, 0, '2016-05-11 15:50:06', '2016-05-11 15:50:19'),
	(32110, 1, 16, 'temporal_date', 'reporting year', 'patient', 'admission_date', NULL, 'less-than-or-equal-to', '2014-12-31', NULL, NULL, NULL, '', NULL, NULL, 0, 1, 0, '2016-03-06 22:03:44', '2016-05-11 15:50:19'),
	(32109, 1, 16, 'temporal_date', 'reporting year', 'patient', 'admission_date', NULL, 'greater-than-or-equal-to', '2014-01-01', NULL, NULL, NULL, '', NULL, NULL, 0, 1, 0, '2016-03-06 22:03:44', '2016-05-11 15:50:19'),
	(3213, 1, 16, 'temporal_date', 'age<80', 'patient', 'Date_of_Birth', NULL, 'greater-than', '1933-12-31', NULL, NULL, NULL, '', NULL, 0, 0, 1, 0, NULL, '2016-05-11 15:50:19'),
	(32116, 1, 17, 'temporal_date', 'reporting year', 'patient', 'admission_date', NULL, 'less-than-or-equal-to', '2014-12-31', NULL, NULL, NULL, '', NULL, NULL, 0, 1, 0, '2016-03-06 22:10:39', '2016-04-12 03:06:45'),
	(32118, 1, 17, 'textual', 'CHO', 'lipids measurement', 'test_code', NULL, 'equal-to', NULL, NULL, NULL, NULL, 'CHO', NULL, NULL, 1, 1, 0, '2016-03-06 22:12:34', '2016-04-12 03:06:45'),
	(32115, 1, 17, 'temporal_date', 'reporting year', 'patient', 'admission_date', NULL, 'greater-than-or-equal-to', '2014-01-01', NULL, NULL, NULL, '', NULL, NULL, 0, 1, 0, '2016-03-06 22:10:39', '2016-04-12 03:06:45'),
	(3217, 1, 17, 'temporal_date', 'age<80', 'patient', 'Date_of_Birth', NULL, 'greater-than', '1933-12-31', NULL, NULL, NULL, '', NULL, 0, 0, 1, 0, NULL, '2016-04-12 03:06:45'),
	(32124, 1, 18, 'textual', 'LDL', 'lipids measurement', 'test_code', NULL, 'equal-to', NULL, NULL, NULL, NULL, 'LDL', NULL, NULL, 1, 1, 0, '2016-03-06 22:18:26', '2016-05-11 16:19:35'),
	(32255, 1, 18, 'temporal_date', 'reporting year', 'patient', 'admission_date', NULL, 'greater-than-or-equal-to', '2013-01-01', NULL, NULL, NULL, '', NULL, NULL, 0, 1, 0, '2016-05-11 16:19:02', '2016-05-11 16:19:35'),
	(32256, 1, 18, 'temporal_date', 'reporting year', 'patient', 'admission_date', NULL, 'less-than-or-equal-to', '2013-12-31', NULL, NULL, NULL, '', NULL, NULL, 0, 1, 0, '2016-05-11 16:19:02', '2016-05-11 16:19:35'),
	(3221, 1, 18, 'temporal_date', 'age<80', 'patient', 'Date_of_Birth', NULL, 'greater-than', '1933-12-31', NULL, NULL, NULL, '', NULL, 0, 0, 1, 0, NULL, '2016-05-11 16:19:35'),
	(32127, 1, 19, 'informationmodel', NULL, 'diabetes', 'diagnosis_code_SNOMED', '73211009', 'is', NULL, NULL, NULL, NULL, '', NULL, NULL, 0, 1, 0, '2016-03-06 22:22:29', '2016-04-05 09:57:05'),
	(32126, 1, 19, 'temporal_date', 'reporting year', 'patient', 'admission_date', NULL, 'less-than-or-equal-to', '2014-12-31', NULL, NULL, NULL, '', NULL, NULL, 0, 1, 0, '2016-03-06 22:20:04', '2016-04-05 09:57:05'),
	(32125, 1, 19, 'temporal_date', 'reporting year', 'patient', 'admission_date', NULL, 'greater-than-or-equal-to', '2014-01-01', NULL, NULL, NULL, '', NULL, NULL, 0, 1, 0, '2016-03-06 22:20:04', '2016-04-05 09:57:05'),
	(3225, 1, 19, 'temporal_date', 'age<80', 'patient', 'Date_of_Birth', NULL, 'greater-than', '1933-12-31', NULL, NULL, NULL, '', NULL, 0, 0, 1, 0, NULL, '2016-04-05 09:57:05'),
	(32146, 1, 23, 'informationmodel', NULL, 'GFR measurement', 'test_code_SNOMED', '444275009', 'is', NULL, NULL, NULL, NULL, '', NULL, NULL, 1, 1, 0, '2016-04-05 10:59:46', '2016-04-05 11:01:52'),
	(32152, 1, 24, 'informationmodel', NULL, 'GFR measurement', 'test_code_SNOMED', '444275009', 'is', NULL, NULL, NULL, NULL, '', NULL, NULL, 1, 1, 0, '2016-04-05 11:02:56', '2016-04-05 11:04:52'),
	(3229, 1, 20, 'temporal_date', 'age<80', 'patient', 'Date_of_Birth', NULL, 'greater-than', '1933-12-31', NULL, NULL, NULL, '', NULL, 0, 0, 1, 0, NULL, '2016-04-05 10:56:18'),
	(32147, 1, 23, 'temporal_date', 'reporting year', 'patient', 'admission_date', NULL, 'greater-than-or-equal-to', '2014-01-01', NULL, NULL, NULL, '', NULL, NULL, 0, 1, 0, '2016-04-05 11:00:47', '2016-04-05 11:01:52'),
	(32148, 1, 23, 'temporal_date', 'reporting year', 'patient', 'admission_date', NULL, 'less-than-or-equal-to', '2014-12-31', NULL, NULL, NULL, '', NULL, NULL, 0, 1, 0, '2016-04-05 11:00:47', '2016-04-05 11:01:52'),
	(3233, 1, 23, 'temporal_date', 'age<80', 'patient', 'Date_of_Birth', NULL, 'greater-than', '1933-12-31', NULL, NULL, NULL, '', NULL, 0, 0, 1, 0, NULL, '2016-04-05 11:01:52'),
	(32155, 1, 24, 'temporal_date', 'age<80', 'patient', 'date_of_birth', NULL, 'greater-than', '1933-12-31', NULL, NULL, NULL, '', NULL, NULL, 0, 1, 0, '2016-04-05 11:04:05', '2016-04-05 11:04:52'),
	(32154, 1, 24, 'temporal_date', 'reporting year', 'patient', 'admission_date', NULL, 'less-than-or-equal-to', '2014-12-31', NULL, NULL, NULL, '', NULL, NULL, 0, 1, 0, '2016-04-05 11:03:37', '2016-04-05 11:04:52'),
	(32153, 1, 24, 'temporal_date', 'reporting year', 'patient', 'admission_date', NULL, 'greater-than-or-equal-to', '2014-01-01', NULL, NULL, NULL, '', NULL, NULL, 0, 1, 0, '2016-04-05 11:03:37', '2016-04-05 11:04:52'),
	(32131, 1, 25, 'temporal_date', 'reporting year', 'patient', 'admission_date', NULL, 'less-than-or-equal-to', '2014-12-31', NULL, NULL, NULL, '', NULL, NULL, 0, 1, 0, '2016-03-06 22:38:34', '2016-04-12 02:14:46'),
	(32132, 1, 25, 'temporal_date', 'urinalysis in last 12 months', 'urinalysis', 'test_date', NULL, 'greater-than-or-equal-to', '2013-01-01', NULL, NULL, NULL, '', NULL, NULL, 1, 1, 0, '2016-03-06 22:39:04', '2016-04-12 02:14:46'),
	(32130, 1, 25, 'temporal_date', 'reporting year', 'patient', 'admission_date', NULL, 'greater-than-or-equal-to', '2014-01-01', NULL, NULL, NULL, '', NULL, NULL, 0, 1, 0, '2016-03-06 22:38:34', '2016-04-12 02:14:46'),
	(3241, 1, 25, 'temporal_date', 'age<80', 'patient', 'Date_of_Birth', NULL, 'greater-than', '1933-12-31', NULL, NULL, NULL, '', NULL, 0, 0, 1, 0, NULL, '2016-04-12 02:14:46'),
	(3242, 1, 27, 'temporal_date', 'reporting year', 'patient', 'Diagnosis_date', NULL, 'less-than-or-equal-to', '2014-12-31', NULL, NULL, NULL, '', NULL, 0, NULL, 1, 0, NULL, NULL),
	(3243, 1, 27, 'temporal_date', 'primary care more than 12 months', 'patient', 'Admission_Date', NULL, 'less-than-or-equal-to', '2013-12-31', NULL, NULL, NULL, '', NULL, 0, NULL, 1, 0, NULL, NULL),
	(3244, 1, 27, 'temporal_date', 'enrolled', 'patient', 'Enroll_date', NULL, 'less-than-or-equal-to', '2013-12-31', NULL, NULL, NULL, '', NULL, 0, NULL, 1, 0, NULL, NULL),
	(3245, 1, 27, 'temporal_date', 'age<80', 'patient', 'Date_of_Birth', NULL, 'greater-than', '1933-12-31', NULL, NULL, NULL, '', NULL, 0, NULL, 1, 0, NULL, NULL),
	(3246, 1, 28, 'temporal_date', 'reporting year', 'patient', 'Diagnosis_date', NULL, 'less-than-or-equal-to', '2014-12-31', NULL, NULL, NULL, '', NULL, 0, NULL, 1, 0, NULL, NULL),
	(3247, 1, 28, 'temporal_date', 'primary care more than 12 months', 'patient', 'Admission_Date', NULL, 'less-than-or-equal-to', '2013-12-31', NULL, NULL, NULL, '', NULL, 0, NULL, 1, 0, NULL, NULL),
	(3248, 1, 28, 'temporal_date', 'enrolled', 'patient', 'Enroll_date', NULL, 'less-than-or-equal-to', '2013-12-31', NULL, NULL, NULL, '', NULL, 0, NULL, 1, 0, NULL, NULL),
	(3249, 1, 28, 'temporal_date', 'age<80', 'patient', 'Date_of_Birth', NULL, 'greater-than', '1933-12-31', NULL, NULL, NULL, '', NULL, 0, NULL, 1, 0, NULL, NULL),
	(3250, 1, 30, 'temporal_date', 'reporting year', 'patient', 'Diagnosis_date', NULL, 'less-than-or-equal-to', '2014-12-31', NULL, NULL, NULL, '', NULL, 0, NULL, 1, 0, NULL, NULL),
	(3251, 1, 30, 'temporal_date', 'primary care more than 12 months', 'patient', 'Admission_Date', NULL, 'less-than-or-equal-to', '2013-12-31', NULL, NULL, NULL, '', NULL, 0, NULL, 1, 0, NULL, NULL),
	(3252, 1, 30, 'temporal_date', 'enrolled', 'patient', 'Enroll_date', NULL, 'less-than-or-equal-to', '2013-12-31', NULL, NULL, NULL, '', NULL, 0, NULL, 1, 0, NULL, NULL),
	(3253, 1, 30, 'temporal_date', 'age<80', 'patient', 'Date_of_Birth', NULL, 'greater-than', '1933-12-31', NULL, NULL, NULL, '', NULL, 0, NULL, 1, 0, NULL, NULL),
	(32261, 1, 31, 'temporal_date', 'reporting year', 'patient', 'admission_date', NULL, 'greater-than-or-equal-to', '2014-01-01', NULL, NULL, NULL, '', NULL, NULL, 0, 1, 0, '2016-05-17 20:16:03', '2016-05-17 20:16:34'),
	(32262, 1, 31, 'temporal_date', 'reporting year', 'patient', 'admission_date', NULL, 'less-than-or-equal-to', '2014-12-31', NULL, NULL, NULL, '', NULL, NULL, 0, 1, 0, '2016-05-17 20:16:03', '2016-05-17 20:16:34'),
	(32263, 1, 31, 'numeric', 'BMI not null', 'diabetes', 'BMI', NULL, 'greater-than', NULL, NULL, NULL, 1, '', NULL, NULL, 1, 1, 0, '2016-05-17 20:16:25', '2016-05-17 20:16:34'),
	(3257, 1, 31, 'temporal_date', 'age<80', 'patient', 'Date_of_Birth', NULL, 'greater-than', '1933-12-31', NULL, NULL, NULL, '', NULL, 0, 0, 1, 0, NULL, '2016-05-17 20:16:34'),
	(32142, 1, 20, 'informationmodel', NULL, 'GFR measurement', 'test_code_SNOMED', '444336003', 'is', NULL, NULL, NULL, NULL, '', NULL, NULL, 1, 1, 0, '2016-04-05 10:54:53', '2016-04-05 10:56:18'),
	(32137, 1, 33, 'temporal_date', 'reporting year', 'patient', 'admission_date', NULL, 'less-than-or-equal-to', '2014-12-31', NULL, NULL, NULL, '', NULL, NULL, 0, 1, 0, '2016-03-06 22:42:34', '2016-03-06 22:43:17'),
	(32136, 1, 33, 'temporal_date', 'reporting year', 'patient', 'admission_date', NULL, 'greater-than-or-equal-to', '2014-01-01', NULL, NULL, NULL, '', NULL, NULL, 0, 1, 0, '2016-03-06 22:42:34', '2016-03-06 22:43:17'),
	(3261, 1, 33, 'temporal_date', 'age<80', 'patient', 'Date_of_Birth', NULL, 'greater-than', '1933-12-31', NULL, NULL, NULL, '', NULL, 0, 0, 1, 0, NULL, '2016-03-06 22:43:17'),
	(3262, 1, 36, 'temporal_date', 'reporting year', 'patient', 'Diagnosis_date', NULL, 'less-than-or-equal-to', '2014-12-31', NULL, NULL, NULL, '', NULL, 0, NULL, 1, 0, NULL, NULL),
	(3263, 1, 36, 'temporal_date', 'primary care more than 12 months', 'patient', 'Admission_Date', NULL, 'less-than-or-equal-to', '2013-12-31', NULL, NULL, NULL, '', NULL, 0, NULL, 1, 0, NULL, NULL),
	(3264, 1, 36, 'temporal_date', 'enrolled', 'patient', 'Enroll_date', NULL, 'less-than-or-equal-to', '2013-12-31', NULL, NULL, NULL, '', NULL, 0, NULL, 1, 0, NULL, NULL),
	(3265, 1, 36, 'temporal_date', 'age<80', 'patient', 'Date_of_Birth', NULL, 'greater-than', '1933-12-31', NULL, NULL, NULL, '', NULL, 0, NULL, 1, 0, NULL, NULL),
	(3266, 1, 37, 'temporal_date', 'reporting year', 'patient', 'Diagnosis_date', NULL, 'less-than-or-equal-to', '2014-12-31', NULL, NULL, NULL, '', NULL, 0, NULL, 1, 0, NULL, NULL),
	(3267, 1, 37, 'temporal_date', 'primary care more than 12 months', 'patient', 'Admission_Date', NULL, 'less-than-or-equal-to', '2013-12-31', NULL, NULL, NULL, '', NULL, 0, NULL, 1, 0, NULL, NULL),
	(3268, 1, 37, 'temporal_date', 'enrolled', 'patient', 'Enroll_date', NULL, 'less-than-or-equal-to', '2013-12-31', NULL, NULL, NULL, '', NULL, 0, NULL, 1, 0, NULL, NULL),
	(3269, 1, 37, 'temporal_date', 'age<80', 'patient', 'Date_of_Birth', NULL, 'greater-than', '1933-12-31', NULL, NULL, NULL, '', NULL, 0, NULL, 1, 0, NULL, NULL),
	(3270, 1, 38, 'temporal_date', 'reporting year', 'patient', 'Diagnosis_date', NULL, 'less-than-or-equal-to', '2014-12-31', NULL, NULL, NULL, '', NULL, 0, NULL, 1, 0, NULL, NULL),
	(3271, 1, 38, 'temporal_date', 'primary care more than 12 months', 'patient', 'Admission_Date', NULL, 'less-than-or-equal-to', '2013-12-31', NULL, NULL, NULL, '', NULL, 0, NULL, 1, 0, NULL, NULL),
	(3272, 1, 38, 'temporal_date', 'enrolled', 'patient', 'Enroll_date', NULL, 'less-than-or-equal-to', '2013-12-31', NULL, NULL, NULL, '', NULL, 0, NULL, 1, 0, NULL, NULL),
	(3273, 1, 38, 'temporal_date', 'age<80', 'patient', 'Date_of_Birth', NULL, 'greater-than', '1933-12-31', NULL, NULL, NULL, '', NULL, 0, NULL, 1, 0, NULL, NULL),
	(32185, 1, 39, 'temporal_date', 'foot examination in last 12 months', 'diabetic foot', 'examination_date', NULL, 'greater-than-or-equal-to', '2013-01-01', NULL, NULL, NULL, '', NULL, NULL, 1, 1, 0, '2016-04-05 13:35:48', '2016-04-05 13:41:00'),
	(32184, 1, 39, 'temporal_date', 'reporting year', 'patient', 'admission_date', NULL, 'less-than-or-equal-to', '2014-12-31', NULL, NULL, NULL, '', NULL, NULL, 0, 1, 0, '2016-04-05 13:33:14', '2016-04-05 13:41:00'),
	(32183, 1, 39, 'temporal_date', 'reporting year', 'patient', 'admission_date', NULL, 'greater-than-or-equal-to', '2014-01-01', NULL, NULL, NULL, '', NULL, NULL, 0, 1, 0, '2016-04-05 13:33:14', '2016-04-05 13:41:00'),
	(3277, 1, 39, 'temporal_date', 'age<80', 'patient', 'Date_of_Birth', NULL, 'greater-than', '1933-12-31', NULL, NULL, NULL, '', NULL, 0, 0, 1, 0, NULL, '2016-04-05 13:41:00'),
	(3278, 1, 40, 'temporal_date', 'reporting year', 'patient', 'Diagnosis_date', NULL, 'less-than-or-equal-to', '2014-12-31', NULL, NULL, NULL, '', NULL, 0, NULL, 1, 0, NULL, NULL),
	(3279, 1, 40, 'temporal_date', 'primary care more than 12 months', 'patient', 'Admission_Date', NULL, 'less-than-or-equal-to', '2013-12-31', NULL, NULL, NULL, '', NULL, 0, NULL, 1, 0, NULL, NULL),
	(3280, 1, 40, 'temporal_date', 'enrolled', 'patient', 'Enroll_date', NULL, 'less-than-or-equal-to', '2013-12-31', NULL, NULL, NULL, '', NULL, 0, NULL, 1, 0, NULL, NULL),
	(3281, 1, 40, 'temporal_date', 'age<80', 'patient', 'Date_of_Birth', NULL, 'greater-than', '1933-12-31', NULL, NULL, NULL, '', NULL, 0, NULL, 1, 0, NULL, NULL),
	(32223, 1, 41, 'temporal_date', 'reporting year', 'patient', 'admission_date', NULL, 'greater-than-or-equal-to', '2014-01-01', NULL, NULL, NULL, '', NULL, NULL, NULL, 1, 0, '2016-04-11 23:56:20', NULL),
	(32221, 1, 8, 'numeric', 'HbA1c<53', 'HbA1c measurement', 'result', NULL, 'less-than', NULL, NULL, NULL, 5, '', NULL, NULL, 1, 1, 0, '2016-04-11 23:36:52', '2016-04-12 02:58:24'),
	(32227, 1, 43, 'textual', 'retinopathy', 'diabetes', 'major_diagnosis', NULL, 'greater-than-or-equal-to', NULL, NULL, NULL, NULL, '眼', NULL, NULL, 1, 1, 0, '2016-04-12 00:24:07', '2016-04-12 00:24:15'),
	(3285, 1, 41, 'temporal_date', 'age<80', 'patient', 'Date_of_Birth', NULL, 'greater-than', '1933-12-31', NULL, NULL, NULL, '', NULL, 0, 0, 1, 0, NULL, '2016-04-05 15:26:28'),
	(32190, 1, 42, 'temporal_date', 'reporting year', 'patient', 'admission_date', NULL, 'less-than-or-equal-to', '2014-12-31', NULL, NULL, NULL, '', NULL, NULL, 0, 1, 0, '2016-04-05 13:43:25', '2016-04-05 13:44:42'),
	(32191, 1, 42, 'temporal_date', 'retinopathy screening', 'diabetic retinopathy ', 'examination_date', NULL, 'greater-than-or-equal-to', '2013-01-01', NULL, NULL, NULL, '', NULL, NULL, 1, 1, 0, '2016-04-05 13:43:56', '2016-04-05 13:44:42'),
	(32189, 1, 42, 'temporal_date', 'reporting year', 'patient', 'admission_date', NULL, 'greater-than-or-equal-to', '2014-01-01', NULL, NULL, NULL, '', NULL, NULL, 0, 1, 0, '2016-04-05 13:43:25', '2016-04-05 13:44:42'),
	(3289, 1, 42, 'temporal_date', 'age<80', 'patient', 'Date_of_Birth', NULL, 'greater-than', '1933-12-31', NULL, NULL, NULL, '', NULL, 0, 0, 1, 0, NULL, '2016-04-05 13:44:42'),
	(32219, 1, 43, 'temporal_date', 'reporting year', 'patient', 'admission_date', NULL, 'less-than-or-equal-to', '2014-12-31', NULL, NULL, NULL, '', NULL, NULL, 0, 1, 0, '2016-04-05 15:28:14', '2016-04-12 00:24:15'),
	(32218, 1, 43, 'temporal_date', 'reporting year', 'patient', 'admission_date', NULL, 'greater-than-or-equal-to', '2014-01-01', NULL, NULL, NULL, '', NULL, NULL, 0, 1, 0, '2016-04-05 15:28:14', '2016-04-12 00:24:15'),
	(3293, 1, 43, 'temporal_date', 'age<80', 'patient', 'Date_of_Birth', NULL, 'greater-than', '1933-12-31', NULL, NULL, NULL, '', NULL, 0, 0, 1, 0, NULL, '2016-04-12 00:24:15'),
	(32162, 1, 44, 'temporal_date', 'reporting year', 'patient', 'admission_date', NULL, 'less-than-or-equal-to', '2014-12-31', NULL, NULL, NULL, '', NULL, NULL, 0, 1, 0, '2016-04-05 12:03:55', '2016-04-05 12:05:25'),
	(3297, 1, 44, 'temporal_date', 'age<80', 'patient', 'Date_of_Birth', NULL, 'greater-than', '1933-12-31', NULL, NULL, NULL, '', NULL, 0, 0, 1, 0, NULL, '2016-04-05 12:05:25'),
	(32176, 1, 47, 'informationmodel', NULL, 'diabetes', 'diagnosis_code_SNOMED', '73211009', 'is', NULL, NULL, NULL, NULL, '', NULL, NULL, 0, 1, 0, '2016-04-05 12:26:05', '2016-04-05 12:27:34'),
	(32168, 1, 45, 'temporal_date', 'age<80', 'patient', 'date_of_birth', NULL, 'greater-than', '1933-12-31', NULL, NULL, NULL, '', NULL, NULL, 0, 1, 0, '2016-04-05 12:10:21', '2016-04-05 12:10:40'),
	(32167, 1, 45, 'temporal_date', 'reporting year', 'patient', 'admission_date', NULL, 'less-than-or-equal-to', '2014-12-31', NULL, NULL, NULL, '', NULL, NULL, 0, 1, 0, '2016-04-05 12:09:51', '2016-04-05 12:10:40'),
	(32173, 1, 46, 'temporal_date', 'reporting year', 'patient', 'admission_date', NULL, 'less-than-or-equal-to', '2014-12-31', NULL, NULL, NULL, '', NULL, NULL, 0, 1, 0, '2016-04-05 12:14:28', '2016-04-05 12:16:56'),
	(32172, 1, 46, 'temporal_date', 'reporting year', 'patient', 'admission_date', NULL, 'greater-than-or-equal-to', '2014-01-01', NULL, NULL, NULL, '', NULL, NULL, 0, 1, 0, '2016-04-05 12:14:28', '2016-04-05 12:16:56'),
	(3305, 1, 46, 'temporal_date', 'age<80', 'patient', 'Date_of_Birth', NULL, 'greater-than', '1933-12-31', NULL, NULL, NULL, '', NULL, 0, 0, 1, 0, NULL, '2016-04-05 12:16:56'),
	(32180, 1, 47, 'temporal_date', 'reporting year', 'patient', 'admission_date', NULL, 'less-than-or-equal-to', '2014-12-31', NULL, NULL, NULL, '', NULL, NULL, 0, 1, 0, '2016-04-05 12:26:59', '2016-04-05 12:27:34'),
	(32179, 1, 47, 'temporal_date', 'reporting year', 'patient', 'admission_date', NULL, 'greater-than-or-equal-to', '2014-01-01', NULL, NULL, NULL, '', NULL, NULL, 0, 1, 0, '2016-04-05 12:26:59', '2016-04-05 12:27:34'),
	(3309, 1, 47, 'temporal_date', 'age<80', 'patient', 'Date_of_Birth', NULL, 'greater-than', '1933-12-31', NULL, NULL, NULL, '', NULL, 0, 0, 1, 0, NULL, '2016-04-05 12:27:34'),
	(32196, 1, 48, 'temporal_date', 'reporting year', 'patient', 'admission_date', NULL, 'less-than-or-equal-to', '2014-12-31', NULL, NULL, NULL, '', NULL, NULL, 0, 1, 0, '2016-04-05 13:46:58', '2016-04-05 13:47:17'),
	(32195, 1, 48, 'temporal_date', 'reporting year', 'patient', 'admission_date', NULL, 'greater-than-or-equal-to', '2014-01-01', NULL, NULL, NULL, '', NULL, NULL, 0, 1, 0, '2016-04-05 13:46:58', '2016-04-05 13:47:17'),
	(3313, 1, 48, 'temporal_date', 'age<80', 'patient', 'Date_of_Birth', NULL, 'greater-than', '1933-12-31', NULL, NULL, NULL, '', NULL, 0, 0, 1, 0, NULL, '2016-04-05 13:47:17'),
	(32201, 1, 49, 'temporal_date', 'reporting year', 'patient', 'admission_date', NULL, 'less-than-or-equal-to', '2014-12-31', NULL, NULL, NULL, '', NULL, NULL, 0, 1, 0, '2016-04-05 13:57:08', '2016-04-05 13:58:41'),
	(32202, 1, 49, 'temporal_date', 'Influenza vaccination in past 12 months', 'Influenza vaccination', 'conduction_date', NULL, 'greater-than-or-equal-to', '2013-01-01', NULL, NULL, NULL, '', NULL, NULL, 1, 1, 0, '2016-04-05 13:57:59', '2016-04-05 13:58:41'),
	(32200, 1, 49, 'temporal_date', 'reporting year', 'patient', 'admission_date', NULL, 'greater-than-or-equal-to', '2014-01-01', NULL, NULL, NULL, '', NULL, NULL, 0, 1, 0, '2016-04-05 13:57:08', '2016-04-05 13:58:41'),
	(3317, 1, 49, 'temporal_date', 'age<80', 'patient', 'Date_of_Birth', NULL, 'greater-than', '1933-12-31', NULL, NULL, NULL, '', NULL, 0, 0, 1, 0, NULL, '2016-04-05 13:58:41'),
	(32230, 1, 1, 'temporal_date', 'reporting year', 'patient', 'admission_date', NULL, 'greater-than-or-equal-to', '2014-01-01', NULL, NULL, NULL, '', NULL, NULL, NULL, 1, 0, '2016-05-03 16:40:02', NULL),
	(32216, 1, 41, 'textual', 'diabetic foot', 'diabetes', 'major_diagnosis', NULL, 'greater-than-or-equal-to', NULL, NULL, NULL, NULL, '足', NULL, NULL, 1, 1, 0, '2016-04-05 15:24:39', '2016-04-05 15:26:28'),
	(32224, 1, 41, 'temporal_date', 'reporting year', 'patient', 'admission_date', NULL, 'less-than-or-equal-to', '2014-12-31', NULL, NULL, NULL, '', NULL, NULL, NULL, 1, 0, '2016-04-11 23:56:20', NULL),
	(3321, 1, 50, 'temporal_date', 'age<80', 'patient', 'Date_of_Birth', NULL, 'greater-than', '1933-12-31', NULL, NULL, NULL, '', NULL, 0, 0, 1, 0, NULL, '2016-04-05 14:11:06'),
	(32161, 1, 44, 'temporal_date', 'reporting year', 'patient', 'admission_date', NULL, 'greater-than-or-equal-to', '2014-01-01', NULL, NULL, NULL, '', NULL, NULL, 0, 1, 0, '2016-04-05 12:03:55', '2016-04-05 12:05:25'),
	(32166, 1, 45, 'temporal_date', 'reporting year', 'patient', 'admission_date', NULL, 'greater-than-or-equal-to', '2014-01-01', NULL, NULL, NULL, '', NULL, NULL, 0, 1, 0, '2016-04-05 12:09:51', '2016-04-05 12:10:40'),
	(32205, 1, 50, 'informationmodel', NULL, 'HbA1c measurement', 'test_code_SNOMED', '43396009', 'is', NULL, NULL, NULL, NULL, '', NULL, NULL, 1, 1, 0, '2016-04-05 14:03:47', '2016-04-05 14:11:06'),
	(32206, 1, 50, 'informationmodel', NULL, 'lipids measurement', 'test_code_SNOMED', '104780002', 'is', NULL, NULL, NULL, NULL, '', NULL, NULL, 1, 1, 0, '2016-04-05 14:04:27', '2016-04-05 14:11:06'),
	(32207, 1, 50, 'informationmodel', NULL, 'urinalysis', 'test_code_SNOMED', '167217005', 'is', NULL, NULL, NULL, NULL, '', NULL, NULL, 1, 1, 0, '2016-04-05 14:07:40', '2016-04-05 14:11:06'),
	(32208, 1, 50, 'informationmodel', NULL, 'foot examination', 'examination_code_SNOMED', '401191002', 'is', NULL, NULL, NULL, NULL, '', NULL, NULL, 1, 1, 0, '2016-04-05 14:08:54', '2016-04-05 14:11:06'),
	(32069, 1, 50, 'boolean', 'smoking status', 'Smoking', 'status', NULL, '=', NULL, NULL, NULL, NULL, '', 1, NULL, 1, 1, 0, '2016-01-04 21:51:52', '2016-04-05 14:11:06'),
	(32210, 1, 50, 'temporal_date', 'reporting year', 'patient', 'admission_date', NULL, 'greater-than-or-equal-to', '2014-01-01', NULL, NULL, NULL, '', NULL, NULL, 0, 1, 0, '2016-04-05 14:09:29', '2016-04-05 14:11:06'),
	(32204, 1, 50, 'informationmodel', NULL, 'diabetes', 'diagnosis_code_SNOMED', '73211009', 'is', NULL, NULL, NULL, NULL, '', NULL, NULL, 0, 1, 0, '2016-04-05 14:02:36', '2016-04-05 14:11:06'),
	(32209, 1, 50, 'informationmodel', NULL, 'fundus examination', 'examination_code_SNOMED', '134395001', 'is', NULL, NULL, NULL, NULL, '', NULL, NULL, 1, 1, 0, '2016-04-05 14:09:06', '2016-04-05 14:11:06'),
	(32248, 1, 2, 'informationmodel', NULL, 'diabets', 'diagnosis_code_SNOMED', '73211009', 'is', NULL, NULL, NULL, NULL, '', NULL, NULL, NULL, 1, 0, '2016-05-10 18:58:52', NULL),
	(32073, 1, 2, 'informationmodel', NULL, 'type I diabetes', 'diagnosis_code_SNOMED', '46635009', 'is', NULL, NULL, NULL, NULL, '', NULL, NULL, 1, 1, 0, '2016-03-06 20:18:43', '2016-03-06 20:20:51'),
	(32120, 1, 18, 'informationmodel', NULL, 'lipids measurement', 'test_code_SNOMED', '104780002', 'is', NULL, NULL, NULL, NULL, '', NULL, NULL, 1, 1, 0, '2016-03-06 22:16:33', '2016-05-11 16:19:35'),
	(32143, 1, 20, 'temporal_date', 'reporting year', 'patient', 'admission_date', NULL, 'greater-than-or-equal-to', '2014-01-01', NULL, NULL, NULL, '', NULL, NULL, 0, 1, 0, '2016-04-05 10:55:15', '2016-04-05 10:56:18'),
	(32144, 1, 20, 'temporal_date', 'reporting year', 'patient', 'admission_date', NULL, 'less-than-or-equal-to', '2014-12-31', NULL, NULL, NULL, '', NULL, NULL, 0, 1, 0, '2016-04-05 10:55:15', '2016-04-05 10:56:18'),
	(32160, 1, 44, 'informationmodel', NULL, 'oral medication', 'treatment_code_SNOMED', '170746002', 'is', NULL, NULL, NULL, NULL, '', NULL, NULL, 1, 1, 0, '2016-04-05 12:03:11', '2016-04-05 12:05:25'),
	(32174, 1, 46, 'informationmodel', NULL, 'insulin therapy', 'treatment_type', '225302006', 'is', NULL, NULL, NULL, NULL, '', NULL, NULL, 1, 1, 0, '2016-04-05 12:15:59', '2016-04-05 12:16:56'),
	(32177, 1, 47, 'informationmodel', NULL, 'insulin therapy', 'treatment_type', '225302006', 'is', NULL, NULL, NULL, NULL, '', NULL, NULL, 1, 1, 0, '2016-04-05 12:26:13', '2016-04-05 12:27:34'),
	(32178, 1, 47, 'informationmodel', NULL, 'oral medication', 'treatment_type', '170746002', 'is', NULL, NULL, NULL, NULL, '', NULL, NULL, 1, 1, 0, '2016-04-05 12:26:21', '2016-04-05 12:27:34'),
	(32234, 1, 2, 'temporal_date', 'reporting year', 'patient', 'admission_date', NULL, 'greater-than-or-equal-to', '2014-01-01', NULL, NULL, NULL, '', NULL, NULL, NULL, 1, 0, '2016-05-03 16:42:38', NULL),
	(32237, 1, 3, 'temporal_date', 'reporting year', 'patient', 'admission_date', NULL, 'less-than-or-equal-to', '2014-12-31', NULL, NULL, NULL, '', NULL, NULL, 0, 1, 0, '2016-05-03 16:46:39', '2016-05-03 16:47:38'),
	(32243, 1, 6, 'temporal_date', 'HbA1c measured last 12 months', 'HbA1c measurement', 'test_date', NULL, 'greater-than-or-equal-to', '2014-01-01', NULL, NULL, NULL, '', NULL, NULL, 1, 1, 0, '2016-05-03 17:06:51', '2016-05-03 17:38:32');
/*!40000 ALTER TABLE `formalised_constraint` ENABLE KEYS */;


-- 导出  表 diabetes.indicator 结构
CREATE TABLE IF NOT EXISTS `indicator` (
  `id` int(11) NOT NULL,
  `domain` varchar(50) character set utf8 NOT NULL,
  `subdomain` varchar(50) character set utf8 NOT NULL,
  `number` varchar(50) character set latin1 NOT NULL,
  `reportingyear` int(11) NOT NULL,
  `type` varchar(50) character set utf8 NOT NULL,
  `link` varchar(200) character set latin1 NOT NULL,
  `title` varchar(500) NOT NULL,
  `numerator` varchar(500) NOT NULL,
  `denominator` varchar(1000) NOT NULL,
  `inclusion` varchar(1000) NOT NULL,
  `exclusion` varchar(500) NOT NULL
) ENGINE=MyISAM AUTO_INCREMENT=161 DEFAULT CHARSET=gb2312;

-- 正在导出表  diabetes.indicator 的数据：111 rows
DELETE FROM `indicator`;
/*!40000 ALTER TABLE `indicator` DISABLE KEYS */;
INSERT INTO `indicator` (`id`, `domain`, `subdomain`, `number`, `reportingyear`, `type`, `link`, `title`, `numerator`, `denominator`, `inclusion`, `exclusion`) VALUES
	(1, 'diabetes', '', '1', 2014, 'not applicable', 'http://www.nhg.org/sites/default/files/content/nhg_org/uploads/indicatoren_diabetes.pdf', 'known diabets patients', '% known diabetes patients (first and second line) in the practice population at the end of the reporting period (denominator is practice population)', 'practice population', 'All indicators refer to patients who are registered  by the doctor, aged under 80 years of age (<80 years) and subpopulations within this set of patients.', ''),
	(2, 'diabetes', '', '2', 2014, 'not applicable', 'http://www.nhg.org/sites/default/files/content/nhg_org/uploads/indicatoren_diabetes.pdf', 'type 1 diabetes patients ', '% type 1 diabetes patients of all known diabetes patients (first and second line) in the practice population at the end of the reporting period (denominator is known diabetes patients)', 'known diabetes patients', 'All indicators refer to patients who are registered  by the doctor, aged under 80 years of age (<80 years) and subpopulations within this set of patients.', ''),
	(4, 'diabetes', '', '4', 2014, 'not applicable', 'http://www.nhg.org/sites/default/files/content/nhg_org/uploads/indicatoren_diabetes.pdf', 'primary care', '% of all diabetes patients who are treated in primary care (definition: GP hoofdbehandelaar for 12 months or more)) in the practice population at the end of the reporting period (denominator practice population)', 'practice population', 'All indicators refer to patients who are registered  by the doctor, aged under 80 years of age (<80 years) and subpopulations within this set of patients.', ''),
	(3, 'diabetes', '', '3', 2014, 'not applicable', 'http://www.nhg.org/sites/default/files/content/nhg_org/uploads/indicatoren_diabetes.pdf', 'type 2 diabetic patients', '% type 2 diabetic patients of all known (first and second line) in the practice population at the end of the reporting period (denominator is known diabetes patients)', 'known diabetes patients', 'All indicators refer to patients who are registered  by the doctor, aged under 80 years of age (<80 years) and subpopulations within this set of patients.', ''),
	(5, 'diabetes', '', '5', 2014, 'not applicable', 'http://www.nhg.org/sites/default/files/content/nhg_org/uploads/indicatoren_diabetes.pdf', 'primary care and enrolled', '% of all diabetes patients who are treated in primary care (definition: GP hoofdbehandelaar for 12 months or more) and 12 months or more are enrolled in the practice population at the end of the reporting period (denominator practice population). This is the population that is being reported below by the indicators.', 'practice population', 'All indicators refer to patients who are registered  by the doctor, aged under 80 years of age (<80 years) and subpopulations within this set of patients.', ''),
	(6, 'diabetes', 'HbA1c', '6', 2014, 'process', 'http://www.nhg.org/sites/default/files/content/nhg_org/uploads/indicatoren_diabetes.pdf', 'HbA1c measured', '% diabetes patients whose HbA1c has been determined in the last 12 months', 'diabetes patients whose main caregiver is the general practitioner for 12 months or longer and who have been registered with the practice for 12 months or longer at the end of the reporting period ', '', ''),
	(8, 'diabetes', 'HbA1c', '36', 2014, 'outcome', 'http://www.nhg.org/sites/default/files/content/nhg_org/uploads/indicatoren_diabetes.pdf', 'HbA1c < 53 mmol/mol', '% diabetes patients with HbA1c below 53 mmol / mol (<53)', 'diabetes patients whose main caregiver is the general practitioner for 12 months or longer and who have been registered with the practice for 12 months or longer at the end of the reporting period ', '', ''),
	(10, 'diabetes', 'HbA1c', '37', 2014, 'outcome', 'http://www.nhg.org/sites/default/files/content/nhg_org/uploads/indicatoren_diabetes.pdf', 'HbA1c > 69 mmol/mol ', '% diabetes patients with HbA1c above 69 mmol / mol (> 69)', 'diabetes patients whose main caregiver is the general practitioner for 12 months or longer and who have been registered with the practice for 12 months or longer at the end of the reporting period ', '', ''),
	(87, 'CVRM', 'Roken', '9', 2011, 'uitkomst', 'http://www.nhg.org/sites/default/files/content/nhg_org/uploads/indicatoren_hvz.pdf', 'pati毛nten bekend met HVZ die roken', '% pati毛nten bekend met HVZ die roken in de groep pati毛nten waarvan het  rookgedrag bekend is', 'subgroep', 'diagn. bep. 1739, ROOK AQ 1, ??a??; laatste meting in  afgelopen 12 maanden NB: subgroep', ''),
	(11, 'diabetes', 'Blood pressure ', '9', 2014, 'process', 'http://www.nhg.org/sites/default/files/content/nhg_org/uploads/indicatoren_diabetes.pdf', 'Blood pressure determined', '% diabetes patients whose blood pressure has been determined in the past 12 months', 'diabetes patients whose main caregiver is the general practitioner for 12 months or longer and who have been registered with the practice for 12 months or longer at the end of the reporting period ', '', ''),
	(13, 'diabetes', 'Blood pressure ', '42', 2014, 'outcome', 'http://www.nhg.org/sites/default/files/content/nhg_org/uploads/indicatoren_diabetes.pdf', 'systolic blood pressure of 140 mmHg or lower (<= 140)', '% diabetes patients with systolic blood pressure of 140 mmHg or lower (<= 140)', 'diabetes patients whose main caregiver is the general practitioner for 12 months or longer and who have been registered with the practice for 12 months or longer at the end of the reporting period ', '', ''),
	(16, 'diabetes', 'Lipid profile', '11', 2014, 'process', 'http://www.nhg.org/sites/default/files/content/nhg_org/uploads/indicatoren_diabetes.pdf', 'lipid profile determined', '% diabetes patients whose lipid profile (total cholesterol and triglycerides and HDL and LDL) is determined', 'diabetes patients whose main caregiver is the general practitioner for 12 months or longer and who have been registered with the practice for 12 months or longer at the end of the reporting period ', '', ''),
	(17, 'diabetes', 'Lipid profile', '12', 2014, 'outcome', 'http://www.nhg.org/sites/default/files/content/nhg_org/uploads/indicatoren_diabetes.pdf', 'cholesterol value of less than 4.5 mmol / L (<4.5)', '% diabetes patients with total cholesterol value of less than 4.5 mmol / L (<4.5)', 'diabetes patients whose main caregiver is the general practitioner for 12 months or longer and who have been registered with the practice for 12 months or longer at the end of the reporting period ', '', ''),
	(18, 'diabetes', 'Lipid profile', '13', 2014, 'outcome', 'http://www.nhg.org/sites/default/files/content/nhg_org/uploads/indicatoren_diabetes.pdf', 'LDL-cholesterol value of less than 2.5 mmol / L (<2.5)', '% diabetes patients with LDL-cholesterol value of less than 2.5 mmol / L (<2.5)', 'diabetes patients whose main caregiver is the general practitioner for 12 months or longer and who have been registered with the practice for 12 months or longer at the end of the reporting period ', '', ''),
	(19, 'diabetes', 'Lipid profile', '14', 2014, 'outcome', 'http://www.nhg.org/sites/default/files/content/nhg_org/uploads/indicatoren_diabetes.pdf', 'lipid-lowering drug', '% diabetes patients using a lipid-lowering drug (eg, statins)', 'diabetes patients whose main caregiver is the general practitioner for 12 months or longer and who have been registered with the practice for 12 months or longer at the end of the reporting period ', '', ''),
	(20, 'diabetes', 'Kidney function (renal) ', '15', 2014, 'process', 'http://www.nhg.org/sites/default/files/content/nhg_org/uploads/indicatoren_diabetes.pdf', 'eGFR calculated or determined', '% diabetes patients whose eGFR was calculated or determined in the past 12 months', 'diabetes patients whose main caregiver is the general practitioner for 12 months or longer and who have been registered with the practice for 12 months or longer at the end of the reporting period ', '', ''),
	(23, 'diabetes', 'Kidney function (renal) ', '16', 2014, 'outcome', 'http://www.nhg.org/sites/default/files/content/nhg_org/uploads/indicatoren_diabetes.pdf', 'eGFR between 60 ml / min (<60) and 30 (>=30) ', '% diabetes patients with eGFR between 60 ml / min (<60) and 30 (>= 30) ', 'diabetes patients whose main caregiver is the general practitioner for 12 months or longer and who have been registered with the practice for 12 months or longer at the end of the reporting period ', '', ''),
	(24, 'diabetes', 'Kidney function (renal) ', '17', 2014, 'outcome', 'http://www.nhg.org/sites/default/files/content/nhg_org/uploads/indicatoren_diabetes.pdf', 'EGFR less than 30 ml / min (<30)', '% diabetes patients with EGFR is less than 30 ml / min (<30)', 'diabetes patients whose main caregiver is the general practitioner for 12 months or longer and who have been registered with the practice for 12 months or longer at the end of the reporting period ', '', ''),
	(25, 'diabetes', 'Kidney function (renal) ', '18', 2014, 'process', 'http://www.nhg.org/sites/default/files/content/nhg_org/uploads/indicatoren_diabetes.pdf', 'urinalysis', '% diabetes patients with urinalysis (portions) of albumin or albumin / creatinine ratio in the past 12 months ', 'diabetes patients whose main caregiver is the general practitioner for 12 months or longer and who have been registered with the practice for 12 months or longer at the end of the reporting period ', '', ''),
	(27, 'diabetes', 'Smoking', '19', 2014, 'process', 'http://www.nhg.org/sites/default/files/content/nhg_org/uploads/indicatoren_diabetes.pdf', 'smoking status known', '% diabetes patients whose smoking status was known', 'diabetes patients whose main caregiver is the general practitioner for 12 months or longer and who have been registered with the practice for 12 months or longer at the end of the reporting period ', '', ''),
	(28, 'diabetes', 'Smoking', '34', 2014, 'outcome', 'http://www.nhg.org/sites/default/files/content/nhg_org/uploads/indicatoren_diabetes.pdf', 'Patients who smoke', '% Patients who smoke in the group of patients whose smoking status was known', 'patients whose smoking status was known', '', ''),
	(30, 'diabetes', 'Smoking', '35', 2014, 'process', 'http://www.nhg.org/sites/default/files/content/nhg_org/uploads/indicatoren_diabetes.pdf', 'advice to quit smoking', '% patients who received over the past 12 months with advice to quit smoking in the group of patients who smoke ', 'patients who smoke ', '', ''),
	(31, 'diabetes', 'Nutrition, Exercise and BMI', '21', 2014, 'process', 'http://www.nhg.org/sites/default/files/content/nhg_org/uploads/indicatoren_diabetes.pdf', 'body mass index calculated (known)', '% diabetes patients whose body mass index calculated (known) in the last 12 months ', 'diabetes patients whose main caregiver is the general practitioner for 12 months or longer and who have been registered with the practice for 12 months or longer at the end of the reporting period \r\n', '', ''),
	(33, 'diabetes', 'Nutrition, Exercise and BMI', '22', 2014, 'outcome', 'http://www.nhg.org/sites/default/files/content/nhg_org/uploads/indicatoren_diabetes.pdf', 'body mass index less than 25 kg / m2 (<25) ', '% diabetes patients whose body mass index less than 25 kg / m2 (<25) ', 'diabetes patients whose main caregiver is the general practitioner for 12 months or longer and who have been registered with the practice for 12 months or longer at the end of the reporting period ', '', ''),
	(36, 'diabetes', 'Nutrition, Exercise and BMI', '38', 2014, 'process', 'http://www.nhg.org/sites/default/files/content/nhg_org/uploads/indicatoren_diabetes.pdf', 'diet discussed', '% diabetes patients whose diet has been discussed in the past 12 months', 'diabetes patients whose main caregiver is the general practitioner for 12 months or longer and who have been registered with the practice for 12 months or longer at the end of the reporting period ', '', ''),
	(37, 'diabetes', 'Nutrition, Exercise and BMI', '43', 2014, 'process', 'http://www.nhg.org/sites/default/files/content/nhg_org/uploads/indicatoren_diabetes.pdf', 'alcohol consumption registered', '% diabetes patients whose alcohol consumption is registered in the last five years', 'diabetes patients whose main caregiver is the general practitioner for 12 months or longer and who have been registered with the practice for 12 months or longer at the end of the reporting period ', '', ''),
	(38, 'diabetes', 'Nutrition, Exercise and BMI', '40', 2014, 'process', 'http://www.nhg.org/sites/default/files/content/nhg_org/uploads/indicatoren_diabetes.pdf', 'physical activity levels recorded', '% diabetes patients whose physical activity levels recorded in the past 12 months', 'diabetes patients whose main caregiver is the general practitioner for 12 months or longer and who have been registered with the practice for 12 months or longer at the end of the reporting period ', '', ''),
	(39, 'diabetes', 'Foot investigation ', '23', 2014, 'process', 'http://www.nhg.org/sites/default/files/content/nhg_org/uploads/indicatoren_diabetes.pdf', 'foot examination', '% diabetes patients with foot examination in the past 12 months', 'diabetes patients whose main caregiver is the general practitioner for 12 months or longer and who have been registered with the practice for 12 months or longer at the end of the reporting period ', '', ''),
	(40, 'diabetes', 'Foot investigation ', '41', 2014, 'process', 'http://www.nhg.org/sites/default/files/content/nhg_org/uploads/indicatoren_diabetes.pdf', 'record of Simm\'s classification of foot examination', '% diabetes patients with a record of Simm\'s classification of foot examination', 'diabetes patients whose main caregiver is the general practitioner for 12 months or longer and who have been registered with the practice for 12 months or longer at the end of the reporting period ', '', ''),
	(41, 'diabetes', 'Foot investigation ', '24', 2014, 'outcome', 'http://www.nhg.org/sites/default/files/content/nhg_org/uploads/indicatoren_diabetes.pdf', 'diabetic foot abnormalities ', '% patients with diabetic foot abnormalities (abnormal findings foot examination at last check)', 'diabetes patients whose main caregiver is the general practitioner for 12 months or longer and who have been registered with the practice for 12 months or longer at the end of the reporting period ', '', ''),
	(42, 'diabetes', 'Eye examination', '25', 2014, 'process', 'http://www.nhg.org/sites/default/files/content/nhg_org/uploads/indicatoren_diabetes.pdf', 'fundus check', '% diabetes patients with fundus check in the past 24 months', 'diabetes patients whose main caregiver is the general practitioner for 12 months or longer and who have been registered with the practice for 12 months or longer at the end of the reporting period ', '', ''),
	(43, 'diabetes', 'Eye examination', '26', 2014, 'outcome', 'http://www.nhg.org/sites/default/files/content/nhg_org/uploads/indicatoren_diabetes.pdf', 'diabetic retinopathy ', '% diabetes patients with diabetic retinopathy ', 'diabetes patients whose main caregiver is the general practitioner for 12 months or longer and who have been registered with the practice for 12 months or longer at the end of the reporting period ', '', ''),
	(44, 'diabetes', 'Treatment', '27', 2014, 'process', 'http://www.nhg.org/sites/default/files/content/nhg_org/uploads/indicatoren_diabetes.pdf', 'non-medication treatment (lifestyle and / or diet)', '% patients only non-medication treatment (lifestyle and / or diet)', 'diabetes patients whose main caregiver is the general practitioner for 12 months or longer and who have been registered with the practice for 12 months or longer at the end of the reporting period ', '', ''),
	(45, 'diabetes', 'Treatment', '28', 2014, 'process', 'http://www.nhg.org/sites/default/files/content/nhg_org/uploads/indicatoren_diabetes.pdf', 'only oral antidiabetics ', '% patients medically treated only with oral antidiabetics ', 'diabetes patients whose main caregiver is the general practitioner for 12 months or longer and who have been registered with the practice for 12 months or longer at the end of the reporting period ', '', ''),
	(46, 'diabetes', 'Treatment', '29', 2014, 'process', 'http://www.nhg.org/sites/default/files/content/nhg_org/uploads/indicatoren_diabetes.pdf', 'oral antidiabetics and insulin', '% patients treated medically with oral antidiabetics and insulin', 'diabetes patients whose main caregiver is the general practitioner for 12 months or longer and who have been registered with the practice for 12 months or longer at the end of the reporting period ', '', ''),
	(47, 'diabetes', 'Treatment', '30', 2014, 'process', 'http://www.nhg.org/sites/default/files/content/nhg_org/uploads/indicatoren_diabetes.pdf', 'only insulin ', '% patients medically treated only with insulin ', 'diabetes patients whose main caregiver is the general practitioner for 12 months or longer and who have been registered with the practice for 12 months or longer at the end of the reporting period ', '', ''),
	(48, 'diabetes', 'Treatment', '32', 2014, 'process', 'http://www.nhg.org/sites/default/files/content/nhg_org/uploads/indicatoren_diabetes.pdf', 'DM-2 and BMI >= 25 who are prescribed metformin', '% patients diagnosed with DM-2 and BMI >= 25 who are prescribed metformin (denominator: patients with DM-2 and BMI >= 25)', 'patients with DM-2 and BMI >= 25', '', ''),
	(49, 'diabetes', 'Treatment', '33', 2014, 'process', 'http://www.nhg.org/sites/default/files/content/nhg_org/uploads/indicatoren_diabetes.pdf', 'vaccinated against influenza', '% patients vaccinated against influenza in the previous 12 months ', 'diabetes patients whose main caregiver is the general practitioner for 12 months or longer and who have been registered with the practice for 12 months or longer at the end of the reporting period ', '', ''),
	(50, 'diabetes', 'total control/check policy ', '31', 2014, 'process', 'http://www.nhg.org/sites/default/files/content/nhg_org/uploads/indicatoren_diabetes.pdf', 'Totaal controlebeleid', '% patients with the combination of data on the aforementioned process indicators (HbA1c, blood pressure, lipid profile, kidney function, smoking status, BMI, foot examinations and eye examinations)', 'diabetes patients whose main caregiver is the general practitioner for 12 months or longer and who have been registered with the practice for 12 months or longer at the end of the reporting period ', '', ''),
	(88, 'CVRM', 'Roken', '10', 2011, 'proces', 'http://www.nhg.org/sites/default/files/content/nhg_org/uploads/indicatoren_hvz.pdf', '??toppen met roken?? advies', '% pati毛nten dat een ??toppen met roken?? advies kreeg in de afgelopen 12  maanden in de groep HVZ-pati毛nten die roken', 'subgroep', 'diagn. bep. 1739, ROOK AQ en 1814, ADMI AQ 1814, ADMI AQ, 1, ??a??, laatste  meting in afgelopen 12 maanden NB: subgroep', ''),
	(89, 'CVRM', 'BMI', '11', 2011, 'proces', 'http://www.nhg.org/sites/default/files/content/nhg_org/uploads/indicatoren_hvz.pdf', 'Body Mass Index berekend (bekend)', '% pati毛nten bekend met HVZ bij wie de Body Mass Index berekend (bekend)  is in de afgelopen 12 maanden', 'vaste pati毛nten bekend met HVZ waarbij aangenomen kan worden dat de huisarts voor  12 maanden of meer hoofdbehandelaar is voor het CV-beleid 茅n die 12 maanden of meer (>= 12 maanden) zijn ingeschreven bij de  praktijk en een leeftijd hebben van 80 jaar of minder', 'diagn. bep. 1272, QUET AO laatste meting in afgelopen 12  maanden', ''),
	(90, 'CVRM', 'BMI', '12', 2011, 'uitkomst', 'http://www.nhg.org/sites/default/files/content/nhg_org/uploads/indicatoren_hvz.pdf', 'Body Mass Index lager dan 25  kg/m2 (< 25) ', '% pati毛nten bekend met HVZ bij wie de Body Mass Index lager is dan 25  kg/m2 (< 25) in de afgelopen 12 maanden ', 'vaste pati毛nten bekend met HVZ waarbij aangenomen kan worden dat de huisarts voor  12 maanden of meer hoofdbehandelaar is voor het CV-beleid 茅n die 12 maanden of meer (>= 12 maanden) zijn ingeschreven bij de  praktijk en een leeftijd hebben van 80 jaar of minder', 'diagn. bep. 1272, QUET AO laatste meting in afgelopen 12  maanden', ''),
	(91, 'CVRM', 'Nierfunctie', '28', 2011, 'proces', 'http://www.nhg.org/sites/default/files/content/nhg_org/uploads/indicatoren_hvz.pdf', 'eGFR bepaald', '% pati毛nten bekend met HVZ waarbij de eGFR is bepaald in de afgelopen 5  jaar in de praktijkpopulatie', 'vaste pati毛nten bekend met HVZ waarbij aangenomen kan worden dat de huisarts voor  12 maanden of meer hoofdbehandelaar is voor het CV-beleid 茅n die 12 maanden of meer (>= 12 maanden) zijn ingeschreven bij de  praktijk en een leeftijd hebben van 80 jaar of minder', 'diagn. bep. 524, KREA O MK of  1918, KREA O FB of  1919, KREM O FB laatste bep', ''),
	(92, 'CVRM', 'Overige', '14', 2011, 'proces', 'http://www.nhg.org/sites/default/files/content/nhg_org/uploads/indicatoren_hvz.pdf', 'antistollingsmiddelen of  plaatjesaggegatieremmers voorgeschreven', '% pati毛nten bekend met HVZ die antistollingsmiddelen of  plaatjesaggegatieremmers krijgen voorgeschreven  (acetylsalicylzuur, carbasalaat calcium, acenocoumarol,  clopidogrel etc.)', 'vaste pati毛nten bekend met HVZ waarbij aangenomen kan worden dat de huisarts voor  12 maanden of meer hoofdbehandelaar is voor het CV-beleid 茅n die 12 maanden of meer (>= 12 maanden) zijn ingeschreven bij de  praktijk en een leeftijd hebben van 80 jaar of minder', 'ATC B01A laatste voorschrift in afgelopen 12  maanden', ''),
	(93, 'CVRM', 'Overige', '15', 2011, 'proces', 'http://www.nhg.org/sites/default/files/content/nhg_org/uploads/indicatoren_hvz.pdf', 'nuchtere glucosemeting', '% pati毛nten bekend met HVZ met een nuchtere glucosemeting in  de afgelopen 5 jaar', 'diagn. bep. 372, GLUC B NU of 382, GLUC BC NU laatste bepaling in afgelopen 5  jaar', '', ''),
	(94, 'CVRM', 'Overige', '16', 2011, 'proces', 'http://www.nhg.org/sites/default/files/content/nhg_org/uploads/indicatoren_hvz.pdf', 'gevaccineerd tegen influenza ', '% pati毛nten bekend met HVZ die gevaccineerd zijn tegen influenza in de  voorgaande 12 maanden', 'vaste pati毛nten bekend met HVZ waarbij aangenomen kan worden dat de huisarts voor  12 maanden of meer hoofdbehandelaar is voor het CV-beleid 茅n die 12 maanden of meer (>= 12 maanden) zijn ingeschreven bij de  praktijk en een leeftijd hebben van 80 jaar of minder', 'ICPC R44 laatste registratie in afgelopen 12  maanden', ''),
	(95, 'CVRM', 'Overige', '17', 2011, 'proces', 'http://www.nhg.org/sites/default/files/content/nhg_org/uploads/indicatoren_hvz.pdf', 'mate van beweging is gecontroleerd', '% pati毛nten bekend met HVZ waarbij de mate van beweging is  gecontroleerd in de afgelopen 12 maanden', 'vaste pati毛nten bekend met HVZ waarbij aangenomen kan worden dat de huisarts voor  12 maanden of meer hoofdbehandelaar is voor het CV-beleid 茅n die 12 maanden of meer (>= 12 maanden) zijn ingeschreven bij de  praktijk en een leeftijd hebben van 80 jaar of minder', 'diagn. bep. 1705, LIBW AQ of 3239, NNGB AQ laatste meting in afgelopen 12  maanden', ''),
	(96, 'CVRM', 'Overige', '18', 2011, 'proces', 'http://www.nhg.org/sites/default/files/content/nhg_org/uploads/indicatoren_hvz.pdf', 'bewegingsadvies ooit', '% pati毛nten bekend met HVZ met een bewegingsadvies ooit', 'vaste pati毛nten bekend met HVZ waarbij aangenomen kan worden dat de huisarts voor  12 maanden of meer hoofdbehandelaar is voor het CV-beleid 茅n die 12 maanden of meer (>= 12 maanden) zijn ingeschreven bij de  praktijk en een leeftijd hebben van 80 jaar of minder', 'diagn. bep 1816, ADLB LQ laatst bekende bepaling ooit', ''),
	(97, 'CVRM', 'Overige', '19', 2011, 'proces', 'http://www.nhg.org/sites/default/files/content/nhg_org/uploads/indicatoren_hvz.pdf', 'voedingspatroon besproken', '% pati毛nten bekend met HVZ waarbij het voedingspatroon is besproken in de  voorgaande 12 maanden', 'vaste pati毛nten bekend met HVZ waarbij aangenomen kan worden dat de huisarts voor  12 maanden of meer hoofdbehandelaar is voor het CV-beleid 茅n die 12 maanden of meer (>= 12 maanden) zijn ingeschreven bij de  praktijk en een leeftijd hebben van 80 jaar of minder', 'diagn. bep 2138, BYVD AA of  2718, BZVD AA laatste meting in afgelopen 12  maanden', ''),
	(98, 'CVRM', 'Overige', '20', 2011, 'proces', 'http://www.nhg.org/sites/default/files/content/nhg_org/uploads/indicatoren_hvz.pdf', 'voedingsadvies ooit', '% pati毛nten bekend met HVZ met een voedingsadvies ooit', 'vaste pati毛nten bekend met HVZ waarbij aangenomen kan worden dat de huisarts voor  12 maanden of meer hoofdbehandelaar is voor het CV-beleid 茅n die 12 maanden of meer (>= 12 maanden) zijn ingeschreven bij de  praktijk en een leeftijd hebben van 80 jaar of minder', 'diagn. bep 2137, ADVD AQ laatst bekende bepaling ooit', ''),
	(99, 'CVRM', 'Overige', '27', 2011, 'proces', 'http://www.nhg.org/sites/default/files/content/nhg_org/uploads/indicatoren_hvz.pdf', 'alcoholgebruik geregistreerd', '% pati毛nten bekend met HVZ waarbij het alcoholgebruik is geregistreerd in de  afgelopen 5 jaar', 'vaste pati毛nten bekend met HVZ waarbij aangenomen kan worden dat de huisarts voor  12 maanden of meer hoofdbehandelaar is voor het CV-beleid 茅n die 12 maanden of meer (>= 12 maanden) zijn ingeschreven bij de  praktijk en een leeftijd hebben van 80 jaar of minder', 'diagn. bep 1591, ALCO PQ  of  2423, 5SHT PQ laatste meting in afgelopen 5 jaar', ''),
	(100, 'CVRM', 'Overige', '29', 2011, 'proces', 'http://www.nhg.org/sites/default/files/content/nhg_org/uploads/indicatoren_hvz.pdf', 'compleet risicoprofiel', '% pati毛nten bekend met HVZ met een compleet risicoprofiel  (rookstatus, voeding, beweging, alcoholgebruik, BMI, bloeddruk,  glucose, LDL, eGFR, )', 'vaste pati毛nten bekend met HVZ waarbij aangenomen kan worden dat de huisarts voor  12 maanden of meer hoofdbehandelaar is voor het CV-beleid 茅n die 12 maanden of meer (>= 12 maanden) zijn ingeschreven bij de  praktijk en een leeftijd hebben van 80 jaar of minder', 'diagn. bep 1739, ROOK AQ en  (2138, BYVD AA of  2718, BZVD AA) en  (1705, LIBW AQ of  3239, NNGB AQ) en  (1591, ALCO PQ of  2423, 5SHT PQ) en  1272, QUET AO en  1744, RRSY KA en (372, GLUC B NU of  382, GLUC BC NU) en  (542, LDL B of 2683,  LDLD B) en (524, KREA O MK of  1918, KREA O FB of  1919, KREM O FB) ROOKAQ, zie onder 8 2138, BYVD AA of  2718, BZVD AA, laatste bepaling  afgelopen 12 maanden 1705, LIBW AQ of 3239, NNGB  AQ, laatste bepaling afgelopen 12  maanden 1591, ALCO PQ of  2423, 5SHT PQ, laatste bepaling  afgelopen 5 jaar 1272, QUET AO, laatste bepaling  afgelopen 12 maanden 1744, RRSY KA, laatste bepaling  afgelopen 12 maanden 372, GLUC B NU of  382, GLUC BC NU, laatste  bepaling afgelopen 5 jaar 542, LDL B of 2683, LDLD B,  laatste bepaling afgelopen 5 jaar 524, KREA O MK of 1918,  KREA O FB of 1919, KREM O  FB, laatste bepaling afgelopen 5  jaar', ''),
	(101, 'GGZ', '', '1', 2011, 'structuur', 'http://www.nhg.org/sites/default/files/content/nhg_org/uploads/indicatoren_ggz.pdf', 'depressieve stoornis of depressieve  gevoelens', '% pati毛nten van 18 jaar of ouder met een depressieve stoornis of met  depressieve gevoelens gedurende de afgelopen 12 maanden in de  praktijkpopulatie aan het einde van de rapportageperiode (noemer is  praktijkpopulatie) ', 'praktijkpopulatie', 'ICPC P76 of P03 Laatste jaar, laatste waarde ', ''),
	(102, 'GGZ', '', '2', 2011, 'structuur', 'http://www.nhg.org/sites/default/files/content/nhg_org/uploads/indicatoren_ggz.pdf', 'diagnose  depressieve stoornis', '% pati毛nten van 18 jaar of ouder in de praktijkpopulatie met de diagnose  depressieve stoornis gedurende de afgelopen 12 maanden ', 'praktijkpopulatie', 'ICPC P76 Laatste jaar, laatste waarde ', ''),
	(103, 'GGZ', '', '3', 2011, 'structuur', 'http://www.nhg.org/sites/default/files/content/nhg_org/uploads/indicatoren_ggz.pdf', 'depressieve gevoelens', '% pati毛nten van 18 jaar of ouder in de praktijkpopulatie met depressieve gevoelens  gedurende de afgelopen 12 maanden', 'praktijkpopulatie', 'ICPC P03 Laatste jaar, laatste waarde', ''),
	(104, 'GGZ', '', '4', 2011, 'structuur', 'http://www.nhg.org/sites/default/files/content/nhg_org/uploads/indicatoren_ggz.pdf', 'eerste lijn', '% pati毛nten van 18 jaar of ouder bekend met depressie stoornis of depressieve  gevoelens die in de eerste lijn worden behandeld (definitie: huisarts is  hoofdbehandelaar) in de praktijkpopulatie aan het einde van de rapportageperiode', 'praktijkpopulatie', 'Diagn. bep GZHB PZ GZHB PZ = ??uisarts??  laatste bepaling ooit  (antwoordnummer=48) ', ''),
	(105, 'GGZ', '', '5', 2011, 'structuur', 'http://www.nhg.org/sites/default/files/content/nhg_org/uploads/indicatoren_ggz.pdf', 'eerste lijn en ingeschreven', '% pati毛nten van 18 jaar of ouder bekend met depressieve stoornis of depressieve  gevoelens die in de eerste lijn worden behandeld (definitie: huisarts is  hoofdbehandelaar) 茅n meer dan 12 maanden zijn ingeschreven in de  praktijkpopulatie aan het einde van de rapportageperiode ', 'praktijkpopulatie', '', ''),
	(106, 'GGZ', '', '6', 2011, 'proces', 'http://www.nhg.org/sites/default/files/content/nhg_org/uploads/indicatoren_ggz.pdf', 'antidepressiva', '% pati毛nten van 18 jaar of ouder met een depressieve stoornis of depressieve  gevoelens waarbij antidepressiva zijn voorgeschreven', 'pati毛nten van 18 jaar of ouder bekend met depressie stoornis of depressieve  gevoelens die in de eerste lijn worden behandeld (definitie: huisarts is  hoofdbehandelaar) 茅n meer dan 12 maanden zijn ingeschreven in de  praktijkpopulatie aan het einde van de rapportageperiode ', 'ICPC  ATC  P76 of P03  N06A  Laatste jaar, laatste waarde  Laatste jaar, laatste  voorschrift ', ''),
	(107, 'GGZ', '', '7', 2011, 'structuur', 'http://www.nhg.org/sites/default/files/content/nhg_org/uploads/indicatoren_ggz.pdf', 'angststoornis of angstklachten', '% pati毛nten van 18 jaar of ouder met een angststoornis of met  angstklachten gedurende de afgelopen 12 maanden in de  praktijkpopulatie aan het einde van de rapportageperiode (noemer is  praktijkpopulatie)', 'praktijkpopulatie', 'P74 of P01 Laatste jaar, laatste waarde ', ''),
	(108, 'GGZ', '', '8', 2011, 'structuur', 'http://www.nhg.org/sites/default/files/content/nhg_org/uploads/indicatoren_ggz.pdf', 'diagnose  angststoornis', '% pati毛nten van 18 jaar of ouder in de praktijkpopulatie met de diagnose  angststoornis gedurende de afgelopen 12 maanden ', 'praktijkpopulatie', 'ICPC P74 Laatste jaar, laatste waarde', ''),
	(109, 'GGZ', '', '9', 2011, 'structuur', 'http://www.nhg.org/sites/default/files/content/nhg_org/uploads/indicatoren_ggz.pdf', 'angstig/nerveus/gespannen gevoelens ', '% pati毛nten van 18 jaar of ouder in de praktijkpopulatie met  angstig/nerveus/gespannen gevoelens gedurende de afgelopen 12  maanden', 'praktijkpopulatie', 'ICPC P01 Laatste jaar, laatste waarde ', ''),
	(110, 'GGZ', '', '10', 2011, 'structuur', 'http://www.nhg.org/sites/default/files/content/nhg_org/uploads/indicatoren_ggz.pdf', 'angststoornis of  angstklachten eerste lijn ', '% pati毛nten van 18 jaar of ouder bekend met angststoornis of  angstklachten die in de eerste lijn worden behandeld (definitie: huisarts is  hoofdbehandelaar) in de praktijkpopulatie aan het einde van de  rapportageperiode ', 'praktijkpopulatie', 'Diagn. bep GZHB PZ GZHB PZ = ??uisarts??  laatste bepaling ooit  (antwoordnummer=48) ', ''),
	(111, 'GGZ', '', '11', 2011, 'structuur', 'http://www.nhg.org/sites/default/files/content/nhg_org/uploads/indicatoren_ggz.pdf', 'angststoornis, eerste lijn 茅n ingeschreven ', '% pati毛nten van 18 jaar of ouder bekend met angststoornis die in de  eerste lijn worden behandeld (definitie: huisarts is hoofdbehandelaar) ) 茅n meer dan 12 maanden zijn ingeschreven in de praktijkpopulatie aan het  einde van de rapportageperiode ', 'praktijkpopulatie', '', ''),
	(112, 'GGZ', '', '12', 2011, 'proces', 'http://www.nhg.org/sites/default/files/content/nhg_org/uploads/indicatoren_ggz.pdf', 'TCA?? of SSRI?? voorgeschreven', '% pati毛nten van 18 jaar of ouder met een angststoornis of angstklachten waarbij  TCA?? of SSRI?? zijn voorgeschreven ', 'praktijkpopulatie', 'ICPC  ATC  P74 of P10  N06A  Laatste jaar, laatste waarde  Laatste jaar, laatste  voorschrift ', ''),
	(113, 'prevention', 'Griepvaccinatie', '1', 2011, 'structuur', 'http://www.nhg.org/sites/default/files/content/nhg_org/uploads/indicatoren_preventie.pdf', 'indicatie', '% pati毛nten met een indicatie volgens de NHG normen ??riepvaccinatie??, per totaal  van de praktijk populatie  (Selectie is volgens medische indicatie en leeftijdsindicatie,  Indicatie is na controle, bewerking en bevestiging door huisarts) ', 'praktijkpopulatie', 'Ruiter  HIS specifieke  codering  GV = na  correctie huisarts Leeftijd gerekend op de  peildatum voor  griepvaccinatie (1 mei van het  volgende jaar) ', ''),
	(114, 'prevention', 'Griepvaccinatie', '1', 2011, 'structuur', 'http://www.nhg.org/sites/default/files/content/nhg_org/uploads/indicatoren_preventie.pdf', '60+', '% 60+ pati毛nten in de praktijk populatie', 'praktijkpopulatie', '', ''),
	(115, 'prevention', 'Griepvaccinatie', '1', 2011, 'structuur', 'http://www.nhg.org/sites/default/files/content/nhg_org/uploads/indicatoren_preventie.pdf', '60-', '% 60- pati毛nten met indicatie voor griepvaccinatie in de  praktijkpopulatie ', 'praktijkpopulatie', '', ''),
	(116, 'prevention', 'Griepvaccinatie', '2', 2011, 'uitkomst', 'http://www.nhg.org/sites/default/files/content/nhg_org/uploads/indicatoren_preventie.pdf', 'gevaccineerde pati毛nten', '% gevaccineerde pati毛nten in de groep ge茂ndiceerde pati毛nten ', 'pati毛nten met een indicatie volgens de NHG normen ??riepvaccinatie??, per totaal  van de praktijk populatie ', 'ICPC  ruiter  R44  G+', ''),
	(117, 'prevention', 'Griepvaccinatie', '3', 2011, 'uitkomst', 'http://www.nhg.org/sites/default/files/content/nhg_org/uploads/indicatoren_preventie.pdf', 'gevaccineerde 60 +  pati毛nten', '% gevaccineerde 60 +  pati毛nten in de 60 +  groep pati毛nten', '(60  plus )pati毛nten in de praktijk populatie', 'ICPC  ruiter  R44  G+', ''),
	(118, 'prevention', 'Griepvaccinatie', '4', 2011, 'uitkomst', 'http://www.nhg.org/sites/default/files/content/nhg_org/uploads/indicatoren_preventie.pdf', 'gevaccineerde 60 -  pati毛nten', '% gevaccineerde 60 -  pati毛nten in de ge茂ndiceerde groep 60 -  pati毛nten', '(60  min ) pati毛nten met indicatie voor griepvaccinatie in de praktijkpopulatie ', 'ICPC  ruiter  R44  G+ ', ''),
	(119, 'prevention', 'Cervixscreening', '5', 2011, 'uitkomst', 'http://www.nhg.org/sites/default/files/content/nhg_org/uploads/indicatoren_preventie.pdf', 'uitstrijkje 30 jaar', '% ge茂ndiceerde vrouwen dat een uitstrijkje heeft laten maken per cohort  (30 jaar) ', 'Aantal vrouwen per cohort (30 jaar) in de praktijkpopulatie ', 'Diagn bep PAP XP BV ', ''),
	(120, 'prevention', 'Cervixscreening', '5', 2011, 'uitkomst', 'http://www.nhg.org/sites/default/files/content/nhg_org/uploads/indicatoren_preventie.pdf', 'uitstrijkje 35 jaar', '% ge茂ndiceerde vrouwen dat een uitstrijkje heeft laten maken  per cohort (35 jaar) ', 'Aantal vrouwen per cohort (35 jaar) in de praktijkpopulatie ', 'Diagn bep PAP XP BV ', ''),
	(121, 'prevention', 'Cervixscreening', '5', 2011, 'uitkomst', 'http://www.nhg.org/sites/default/files/content/nhg_org/uploads/indicatoren_preventie.pdf', 'uitstrijkje 40 jaar', '% ge茂ndiceerde vrouwen dat een uitstrijkje heeft laten maken  per cohort (40 jaar) ', 'Aantal vrouwen per cohort (40 jaar) in de praktijkpopulatie ', 'Diagn bep PAP XP BV ', ''),
	(122, 'prevention', 'Cervixscreening', '5', 2011, 'uitkomst', 'http://www.nhg.org/sites/default/files/content/nhg_org/uploads/indicatoren_preventie.pdf', 'uitstrijkje 45 jaar', '% ge茂ndiceerde vrouwen dat een uitstrijkje heeft laten maken  per cohort (45 jaar)', 'Aantal vrouwen per cohort (45 jaar) in de praktijkpopulatie ', 'Diagn bep PAP XP BV ', ''),
	(123, 'prevention', 'Cervixscreening', '5', 2011, 'uitkomst', 'http://www.nhg.org/sites/default/files/content/nhg_org/uploads/indicatoren_preventie.pdf', 'uitstrijkje 50 jaar', '% ge茂ndiceerde vrouwen dat een uitstrijkje heeft laten maken  per cohort (50 jaar)', 'Aantal vrouwen per cohort (50 jaar) in de praktijkpopulatie', 'Diagn bep PAP XP BV ', ''),
	(124, 'prevention', 'Cervixscreening', '5', 2011, 'uitkomst', 'http://www.nhg.org/sites/default/files/content/nhg_org/uploads/indicatoren_preventie.pdf', 'uitstrijkje 55 jaar', '% ge茂ndiceerde vrouwen dat een uitstrijkje heeft laten maken  per cohort (55 jaar) ', 'Aantal vrouwen per cohort (55 jaar) in de praktijkpopulatie ', 'Diagn bep PAP XP BV ', ''),
	(125, 'prevention', 'Cervixscreening', '5', 2011, 'uitkomst', 'http://www.nhg.org/sites/default/files/content/nhg_org/uploads/indicatoren_preventie.pdf', 'uitstrijkje 60 jaar', '% ge茂ndiceerde vrouwen dat een uitstrijkje heeft laten maken  per cohort (60 jaar) ', 'Aantal vrouwen per cohort (60 jaar) in de praktijkpopulatie ', 'Diagn bep PAP XP BV ', ''),
	(126, 'prevention', 'Cervixscreening', '6', 2011, 'structuur', 'http://www.nhg.org/sites/default/files/content/nhg_org/uploads/indicatoren_preventie.pdf', 'geldige reden voor uitstel', '% ge茂ndiceerde vrouwen waarbij een geldige reden voor uitstel is vastgelegd ', 'ge茂ndiceerde vrouwen ? ', 'ruiter  ICPC  ICPC  Ruiter  Ruiter  Geen  voorhanden  Diagn bep  CW  W78  W90 of W92  BV  UE  -  PAP XP ** EN  PAPP XP  PAPA XP  PAPC XP  Zwangerschap  Bevalling levend geboren  Borstvoeding  Uterus extirpatie  -  P1 (antwoord nr 164)  A1-2 (antwoord nr 173??174)  C1 (antwoord nr 181)', ''),
	(127, 'prevention', 'Cervixscreening', '7', 2011, 'uitkomst', 'http://www.nhg.org/sites/default/files/content/nhg_org/uploads/indicatoren_preventie.pdf', 'afwijkende uislag (>= pap  3a) ', '% vrouwen waarbij een uitstrijkje is gemaakt met een afwijkende uislag (>= pap  3a) ', 'vrouwen waarbij een uitstrijkje is gemaakt ? ', 'Diagn bep PAPP XP  PAPA XP  PAPC XP  P4-9 antwoord nr 167-172  A3-8 antwoord nr 175-180  C4-9 antwoord nr 184-188', ''),
	(128, 'prescriptie', 'Adequate registratie', '1', 2011, 'proces', 'http://www.nhg.org/sites/default/files/content/nhg_org/uploads/indicatoren_prescriptie.pdf', 'registratie allergie毛n of intoleranties ', '% pati毛nten met een registratie van een of meer allergie毛n of intoleranties voor  geneesmiddelen', 'populatie vaste pati毛nten die 12 maanden of langer ingeschreven staan op het einde van de rapportage periode', 'G-standaard Tabel allergie毛n voor  stoffen of tabel allergie毛n  voor groepen', ''),
	(129, 'prescriptie', 'Adequate registratie', '2', 2011, 'proces', 'http://www.nhg.org/sites/default/files/content/nhg_org/uploads/indicatoren_preventie.pdf', 'registratie contra-indicaties', '% pati毛nten met een registratie van een of meer contra-indicaties voor geneesmiddelen  (comorbiditeit) ', 'populatie vaste pati毛nten die 12 maanden of langer ingeschreven staan op het einde van de rapportage periode', 'G-Standaard tabel CIC-codes', ''),
	(130, 'prescriptie', 'Pati毛ntgerelateerde risicofactoren', '3', 2011, 'proces', 'http://www.nhg.org/sites/default/files/content/nhg_org/uploads/indicatoren_prescriptie.pdf', 'kreatinineklaring vastgelegd', '% pati毛nten >= 65 jaar waarbij een kreatinineklaring is vastgelegd (gemeten of berekend;  MDRD of Cockroft) in de afgelopen vijf jaar; noemer pati毛nten >= 65 jaar', 'pati毛nten >= 65 jaar', 'Diagn bep 524, KREA O MK of  1918, KREA O FB of  1919, KREM O FB  laatste waarde in afgelopen 5  jaar', ''),
	(131, 'prescriptie', 'Pati毛ntgerelateerde risicofactoren', '3', 2011, 'nvt', 'http://www.nhg.org/sites/default/files/content/nhg_org/uploads/indicatoren_prescriptie.pdf', 'kreatinine klaring < 60 ml/min', '% pati毛nten met een kreatinine klaring < 60 ml/min in de praktijkpopulatie', 'subgroup? ', 'Diagn bep 524, KREA O MK of  1918, KREA O FB of  1919, KREM O FB  Klaring: laatste waarde in  afgelopen 5 jaar  subgroep voor indicator 4 ', ''),
	(132, 'prescriptie', 'Pati毛ntgerelateerde risicofactoren', '3', 2011, 'nvt', 'http://www.nhg.org/sites/default/files/content/nhg_org/uploads/indicatoren_prescriptie.pdf', 'kreatinine klaring < 30 ml/min', '% pati毛nten met een kreatinine klaring < 30 ml/min in de praktijkpopulatie ', 'subgroep? ', 'Diagn bep 524, KREA O MK of  1918, KREA O FB of  1919, KREM O FB  Klaring: laatste waarde in  afgelopen 5 jaar  subgroep voor indicator 5 ', ''),
	(133, 'prescriptie', 'Pati毛ntgerelateerde risicofactoren', '4', 2011, 'proces', 'http://www.nhg.org/sites/default/files/content/nhg_org/uploads/indicatoren_prescriptie.pdf', 'kreatinine klaring < 60 ml/min en NSAID of salicylaat', '% pati毛nten met een kreatinine klaring < 60 ml/min die een NSAID of (hoog gedoseerd)  salicylaat kregen voorgeschreven het afgelopen jaar (noemer is pati毛nten met klaring < 60  ml/min) ', 'pati毛nten met klaring < 60  ml/min', 'ATC M01A of  M01B of  N02BA ', ''),
	(134, 'prescriptie', 'Pati毛ntgerelateerde risicofactoren', '5', 2011, 'proces', 'http://www.nhg.org/sites/default/files/content/nhg_org/uploads/indicatoren_prescriptie.pdf', 'kreatinine klaring < 30 ml/min en NSAID of salicylaat', '% pati毛nten met een kreatinine klaring < 30 ml/min die een NSAID of (hoog gedoseerd)  salicylaat kregen voorgeschreven het afgelopen jaar (noemer is pati毛nten met klaring < 30  ml/min) ', 'pati毛nten met klaring < 30  ml/min', 'ATC M01A of  M01B of  N02BA ', ''),
	(135, 'prescriptie', 'Pati毛ntgerelateerde risicofactoren', '5', 2011, 'nvt', 'http://www.nhg.org/sites/default/files/content/nhg_org/uploads/indicatoren_prescriptie.pdf', 'diagnose hartfalen', '% pati毛nten met een diagnose hartfalen in de praktijkpopulatie', 'praktijkpopulatie ? ', 'ICPC K77 subgroep voor indicator 6', ''),
	(136, 'prescriptie', 'Pati毛ntgerelateerde risicofactoren', '6', 2011, 'proces', 'http://www.nhg.org/sites/default/files/content/nhg_org/uploads/indicatoren_prescriptie.pdf', 'diagnose hartfalen met chronisch gebruik van een NSAID of salicylaat', '% pati毛nten met een diagnose hartfalen met chronisch*) gebruik van een NSAID of (hoog  gedoseerd) salicylaat (noemer is pati毛nten met diagnose hartfalen)  *chronisch gebruik is >3 voorschriften in het afgelopen jaar of een voorschrift met een  gebruiksduur >= 6 maanden', 'noemer is pati毛nten met diagnose hartfalen', 'ATC M01A of  M01B of  N02BA  Chronisch gebruik is meer  dan 3 voorschriften in het  afgelopen jaar of een  voorschrift met een  gebruiksduur >= 6 maanden', ''),
	(137, 'prescriptie', ' Geneesmiddelgerelateerde risicofactoren', '7', 2011, 'proces', 'http://www.nhg.org/sites/default/files/content/nhg_org/uploads/indicatoren_prescriptie.pdf', ' >= 75 jaar met meervoudig en chronisch medicatie gebruik', '% pati毛nten >= 75 jaar dat meervoudig*), chronisch**) medicatie gebruikt in de groep  pati毛nten >= 75 jaar.  *meervoudig gebruik is 5 of meer verschillende middelen.  **chronisch gebruik is > 3 voorschriften per jaar of een voorschrift met een gebruiksduur >= 6 maanden ', 'pati毛nten >= 75 jaar', 'ATC A t/m S *meervoudig gebruik is 5 of  meer verschillende middelen.  **chronisch gebruik is > 3  voorschriften per jaar of een  voorschrift met een  gebruiksduur >= 6 maanden', ''),
	(138, 'prescriptie', 'Geneesmiddelgerelateerde risicofactoren', '7', 2011, 'nvt', 'http://www.nhg.org/sites/default/files/content/nhg_org/uploads/indicatoren_prescriptie.pdf', '>= 70 jaar met chronisch voorschrift voor NSAID of salicylaat', '% pati毛nten >= 70 jaar met chronisch*) voorschrift voor NSAID of (hoog gedoseerd)  salicylaat  *) chronisch gebruik is > 3 voorschriften per jaar of een voorschrift met een gebruiksduur >= 6 maanden ', 'pati毛nten >= 70 jaar ? ', 'ATC M01A of  M01B of  N02BA  NSAID  Salicylaten (hoog gedoseerd) ', ''),
	(139, 'prescriptie', 'Geneesmiddelgerelateerde risicofactoren', '8', 2011, 'proces', 'http://www.nhg.org/sites/default/files/content/nhg_org/uploads/indicatoren_prescriptie.pdf', '>= 70 jaar met chronisch voorschrift voor NSAID of salicylaat en PPI of misoprostol', '% pati毛nten >= 70 jaar met chronisch*) NSAID- of (hoog gedoseerd) salicylaatgebruik die  gelijktijdig een PPI of misoprostol gebruiken (noemer is pati毛nten van >= 70 jaar met een  chronisch voorschrift voor NSAID)  *) chronisch gebruik is > 3 voorschriften per jaar of een voorschrift met een gebruiksduur >= 6 maanden', 'pati毛nten van >= 70 jaar met een  chronisch voorschrift voor NSAID', 'ATC (M01A of M01B of  N02BA) en  (A02BB01 of  A02BC)  NSAID  Salicylaten (hoog gedoseerd)  misoprostol  PPI ', ''),
	(140, 'prescriptie', 'Geneesmiddelgerelateerde risicofactoren', '9', 2011, 'proces', 'http://www.nhg.org/sites/default/files/content/nhg_org/uploads/indicatoren_prescriptie.pdf', 'chronisch gebruik van hypnoticum of anxiolyticum', '% pati毛nten met een chronisch*) gebruik van een hypnoticum of anxiolyticum  *) chronisch gebruik is > 3 voorschriften per jaar of een voorschrift met een gebruiksduur >= 6 maanden ', 'populatie vaste pati毛nten die 12 maanden of langer ingeschreven staan op het einde van de rapportage periode', 'ATC N05CD of  N05CF of  N05BA  hypnoticum  hypnoticum, geen benzo  anxiolyticum', ''),
	(141, 'prescriptie', 'Geneesmiddelgerelateerde risicofactoren', '10', 2011, 'proces', 'http://www.nhg.org/sites/default/files/content/nhg_org/uploads/indicatoren_ggz.pdf', 'kalium en kreatinine bepaling', '% pati毛nten met een voorschrift voor een kalium verliezend diureticum of RAS-remmer,  waarbij het afgelopen jaar een kalium en kreatinine bepaling is gedaan', 'pati毛nten met een voorschrift voor een kalium verliezend diureticum of RAS-remmer?', 'ATC  Diagn bep  C09AA of  C09CA of  C09XA of  C03A of  C03B of  C03C;  513, K B en  523, KREA B', ''),
	(142, 'prescriptie', 'Contra-indicaties', '11', 2011, 'proces', 'http://www.nhg.org/sites/default/files/content/nhg_org/uploads/indicatoren_prescriptie.pdf', 'atherosclerotische aandoening en COX-2 remmer voorgeschreven', '% pati毛nten met een atherosclerotische aandoening die een COX-2 remmer krijgen  voorgeschreven (noemer is alle pati毛nten met een bekende atherosclerotische aandoening,  gelijk aan de teller van indicator nr 1 uit de HVZ-indicatorset) ', 'alle pati毛nten met een bekende atherosclerotische aandoening', 'ICPC  ATC  K74 of  K75 of  K76 of  K89 of  K90.03 of  K92.01of  K99.0;  M01AH  gelijk aan de teller van  indicator nr 1 uit de HVZindicatorset', ''),
	(143, 'prescriptie', 'Contra-indicaties', '12', 2011, 'proces', 'http://www.nhg.org/sites/default/files/content/nhg_org/uploads/indicatoren_prescriptie.pdf', 'pati毛nten >= 70 jaar en glibenclamide gebruik', '% pati毛nten >= 70 jaar dat glibenclamide gebruikt (noemer is pati毛nten >= 70 jaar)', 'pati毛nten >= 70 jaar', 'ATC A10BB01 ', ''),
	(144, 'prescriptie', 'Onderbehandeling', '13', 2011, 'proces', 'http://www.nhg.org/sites/default/files/content/nhg_org/uploads/indicatoren_prescriptie.pdf', 'sterk opiaat en gelijktijdig laxans', '% voorschriften van een sterk opiaat waarbij sprake is van gelijktijdig gebruik van een  laxans', 'populatie vaste pati毛nten die 12 maanden of langer ingeschreven staan op het einde van de rapportage periode', 'ATC (N02A exclusief(N02AA59  of N02AA79 of N02AX02  of N02AX52)) en A06A  meetmoment is het moment  van voorschrijven van het  sterkwerkende opiaat. Bij  ieder opiaat voorschrift  bepalen of er een lopend  voorschrift is voor een laxans. ', ''),
	(145, 'prescriptie', 'Statines', '14', 2011, 'nvt', 'http://www.nhg.org/sites/default/files/content/nhg_org/uploads/indicatoren_prescriptie.pdf', 'voorschrift voor lipidenverlagende middelen', '% pati毛nten met voorschrift voor lipidenverlagende middelen bij alle pati毛nten aan het  einde van de rapportage periode', 'populatie vaste pati毛nten die 12  maanden of langer ingeschreven staan op het einde van de rapportage periode.', 'ATC C10A subgroep', ''),
	(146, 'prescriptie', 'Statines', '14', 2011, 'proces', 'http://www.nhg.org/sites/default/files/content/nhg_org/uploads/indicatoren_prescriptie.pdf', 'voorschrift simvastatine/pravastatine en lipidenverlagende middelen', '% pati毛nten met voorschrift voor simvastatine/pravastatine (laatste voorschrift) bij alle  pati毛nten die lipidenverlagende middelen gebruiken', 'voorschrift voor lipidenverlagende middelen bij alle pati毛nten aan het  einde van de rapportage periode ', 'ATC C10AA01 of  C10AA03 ', ''),
	(147, 'prescriptie', 'Maagmiddelen', '15', 2011, 'proces', 'http://www.nhg.org/sites/default/files/content/nhg_org/uploads/indicatoren_prescriptie.pdf', 'chronisch gebruik van zuurremmende middelen', '% pati毛nten met chronisch gebruik*) van zuurremmende middelen bij alle vaste pati毛nten  aan het einde van de rapportage periode.  *chronisch gebruik is > 3 voorschriften per jaar of een voorschrift met een gebruiksduur >= 6 maanden ', 'populatie vaste pati毛nten die 12 maanden of langer ingeschreven staan op het einde van de rapportage periode', 'ATC A02 *chronisch gebruik is > 3  voorschriften per jaar of  een voorschrift met een  gebruiksduur >= 6 maanden', ''),
	(148, 'prescriptie', 'Antibiotica', '16', 2011, 'proces', 'http://www.nhg.org/sites/default/files/content/nhg_org/uploads/indicatoren_prescriptie.pdf', 'orale antibiotica voorschriften', '% pati毛nten met 茅茅n of meer orale antibiotica voorschriften, waarbij de huisarts de  voorschrijver is, in de rapportage periode (1 jaar) bij alle vaste pati毛nten aan het einde van  de rapportageperiode (noemer is praktijkpopulatie)', 'populatie vaste pati毛nten die 12 maanden of langer ingeschreven staan op het einde van de rapportage periode', 'ATC J01', ''),
	(149, 'prescriptie', 'Antibiotica', '16', 2011, 'proces', 'http://www.nhg.org/sites/default/files/content/nhg_org/uploads/indicatoren_prescriptie.pdf', 'tetracyclines', 'tetracyclines', 'het aantal antibiotica voorschriften, waarbij de huisarts de voorschrijver is, in de rapportage  periode (1 jaar) bij alle vaste pati毛nten aan het einde van de rapportageperiode.', 'ATC J01A ', ''),
	(150, 'prescriptie', 'Antibiotica', '16', 2011, 'proces', 'http://www.nhg.org/sites/default/files/content/nhg_org/uploads/indicatoren_prescriptie.pdf', 'betalactam, penicillines', 'betalactam, penicillines', 'het aantal antibiotica voorschriften, waarbij de huisarts de voorschrijver is, in de rapportage  periode (1 jaar) bij alle vaste pati毛nten aan het einde van de rapportageperiode.', 'ATC J01C ', ''),
	(151, 'prescriptie', 'Antibiotica', '16', 2011, 'proces', 'http://www.nhg.org/sites/default/files/content/nhg_org/uploads/indicatoren_prescriptie.pdf', 'penicillines met breed spectrum (bv. amoxicilline)', 'penicillines met breed spectrum (bv. amoxicilline)', 'het aantal antibiotica voorschriften, waarbij de huisarts de voorschrijver is, in de rapportage  periode (1 jaar) bij alle vaste pati毛nten aan het einde van de rapportageperiode', 'ATC J01CA ', ''),
	(152, 'prescriptie', 'Antibiotica', '16', 2011, 'proces', 'http://www.nhg.org/sites/default/files/content/nhg_org/uploads/indicatoren_prescriptie.pdf', 'betalactamase-gevoelige penicillines (bv. feniticilline) ', 'betalactamase-gevoelige penicillines (bv. feniticilline) ', 'het aantal antibiotica voorschriften, waarbij de huisarts de voorschrijver is, in de rapportage  periode (1 jaar) bij alle vaste pati毛nten aan het einde van de rapportageperiode', 'ATC J01CE ', ''),
	(153, 'prescriptie', 'Antibiotica', '16', 2011, 'proces', 'http://www.nhg.org/sites/default/files/content/nhg_org/uploads/indicatoren_prescriptie.pdf', '% betalactamase-resistente penicillines (bv. flucloxacilline) ', '% betalactamase-resistente penicillines (bv. flucloxacilline) ', 'het aantal antibiotica voorschriften, waarbij de huisarts de voorschrijver is, in de rapportage  periode (1 jaar) bij alle vaste pati毛nten aan het einde van de rapportageperiode.', 'ATC J01CF ', ''),
	(154, 'prescriptie', 'Antibiotica', '16', 2011, 'proces', 'http://www.nhg.org/sites/default/files/content/nhg_org/uploads/indicatoren_prescriptie.pdf', 'combinatie preparaten (bv. amoxicilline/clavulaanzuur) ', 'combinatie preparaten (bv. amoxicilline/clavulaanzuur) ', 'het aantal antibiotica voorschriften, waarbij de huisarts de voorschrijver is, in de rapportage  periode (1 jaar) bij alle vaste pati毛nten aan het einde van de rapportageperiode', 'ATC J01CR', ''),
	(155, 'prescriptie', 'Antibiotica', '16', 2011, 'proces', 'http://www.nhg.org/sites/default/files/content/nhg_org/uploads/indicatoren_prescriptie.pdf', 'betalactam, anders (wo. cephalosporines) ', 'betalactam, anders (wo. cephalosporines) ', 'het aantal antibiotica voorschriften, waarbij de huisarts de voorschrijver is, in de rapportage  periode (1 jaar) bij alle vaste pati毛nten aan het einde van de rapportageperiode.', 'ATC J01D', ''),
	(156, 'prescriptie', 'Antibiotica', '16', 2011, 'proces', 'http://www.nhg.org/sites/default/files/content/nhg_org/uploads/indicatoren_prescriptie.pdf', 'sulfonamide, trimethoprim', 'sulfonamide, trimethoprim', 'het aantal antibiotica voorschriften, waarbij de huisarts de voorschrijver is, in de rapportage  periode (1 jaar) bij alle vaste pati毛nten aan het einde van de rapportageperiode', 'ATC J01E', ''),
	(157, 'prescriptie', 'Antibiotica', '16', 2011, 'proces', 'http://www.nhg.org/sites/default/files/content/nhg_org/uploads/indicatoren_prescriptie.pdf', 'macroliden, lincosamiden, streptogramines (bv. erytromycine) ', 'macroliden, lincosamiden, streptogramines (bv. erytromycine) ', 'het aantal antibiotica voorschriften, waarbij de huisarts de voorschrijver is, in de rapportage  periode (1 jaar) bij alle vaste pati毛nten aan het einde van de rapportageperiode.', 'ATC J01F ', ''),
	(158, 'prescriptie', 'Antibiotica', '16', 2011, 'proces', 'http://www.nhg.org/sites/default/files/content/nhg_org/uploads/indicatoren_prescriptie.pdf', 'quinolonen (bv. ciprofloxacine) ', 'quinolonen (bv. ciprofloxacine) ', 'het aantal antibiotica voorschriften, waarbij de huisarts de voorschrijver is, in de rapportage  periode (1 jaar) bij alle vaste pati毛nten aan het einde van de rapportageperiode', 'ATC J01M ', ''),
	(159, 'prescriptie', 'Antibiotica', '16', 2011, 'proces', 'http://www.nhg.org/sites/default/files/content/nhg_org/uploads/indicatoren_prescriptie.pdf', 'overigen (bv. nitrofuranto茂ne) ', 'overigen (bv. nitrofuranto茂ne) ', 'het aantal antibiotica voorschriften, waarbij de huisarts de voorschrijver is, in de rapportage  periode (1 jaar) bij alle vaste pati毛nten aan het einde van de rapportageperiode.', 'ATC J01X ', '');
/*!40000 ALTER TABLE `indicator` ENABLE KEYS */;


-- 导出  表 diabetes.indicator_kathrin 结构
CREATE TABLE IF NOT EXISTS `indicator_kathrin` (
  `id` int(11) NOT NULL auto_increment,
  `domain` varchar(50) NOT NULL,
  `subdomain` varchar(50) NOT NULL,
  `number` varchar(50) character set latin1 NOT NULL,
  `reportingyear` int(11) NOT NULL,
  `type` varchar(50) NOT NULL,
  `link` varchar(200) character set latin1 NOT NULL,
  `title` varchar(500) character set latin1 NOT NULL,
  `numerator` varchar(500) character set latin1 NOT NULL,
  `denominator` varchar(1000) character set latin1 NOT NULL,
  `inclusion` varchar(1000) character set latin1 NOT NULL,
  `exclusion` varchar(500) character set latin1 NOT NULL,
  PRIMARY KEY  (`id`)
) ENGINE=MyISAM AUTO_INCREMENT=160 DEFAULT CHARSET=utf8;

-- 正在导出表  diabetes.indicator_kathrin 的数据：86 rows
DELETE FROM `indicator_kathrin`;
/*!40000 ALTER TABLE `indicator_kathrin` DISABLE KEYS */;
INSERT INTO `indicator_kathrin` (`id`, `domain`, `subdomain`, `number`, `reportingyear`, `type`, `link`, `title`, `numerator`, `denominator`, `inclusion`, `exclusion`) VALUES
	(1, 'diabetes', '', '1', 2011, 'nvt', 'http://www.nhg.org/sites/default/files/content/nhg_org/uploads/indicatoren_diabetes.pdf', 'bekende diabetespati?nten', '% bekende diabetespati?nten (eerste en tweede lijn) in de praktijkpopulatie aan het einde van de rapportageperiode (noemer is praktijkpopulatie)', 'praktijkpopulatie', 'T90.01 of T90.02 of T90; Indicatoren over de gehele praktijkpopulatie (vaste, bij de huisarts ingeschreven pati?nten met leeftijd onder de 80 jaar)', ''),
	(2, 'diabetes', '', '2', 2011, 'nvt', 'http://www.nhg.org/sites/default/files/content/nhg_org/uploads/indicatoren_diabetes.pdf', 'diabetespati?nten type 1', '% diabetespati?nten type 1 van alle bekende diabetespati?nten (eerste en tweede lijn) in de praktijkpopulatie aan het einde van de rapportageperiode (noemer is bekende diabetespati?nten)', 'bekende diabetespati?nten', 'T90.01; Indicatoren over de gehele praktijkpopulatie (vaste, bij de huisarts ingeschreven pati?nten met leeftijd onder de 80 jaar)', ''),
	(4, 'diabetes', '', '4', 2011, 'nvt', 'http://www.nhg.org/sites/default/files/content/nhg_org/uploads/indicatoren_diabetes.pdf', 'eerste lijn', '% van alle diabetespati?nten die in de eerste lijn worden behandeld (definitie: huisarts is hoofdbehandelaar voor 12 maanden of meer)) in de praktijkpopulatie aan het einde van de rapportageperiode (noemer is praktijkpopulatie)', 'praktijkpopulatie', '2206, DMHB TZ, laatste waarde = 48 (huisarts); >= 12 maanden; Indicatoren over de gehele praktijkpopulatie (vaste, bij de huisarts ingeschreven pati?nten met leeftijd onder de 80 jaar)', ''),
	(3, 'diabetes', '', '3', 2011, 'nvt', 'http://www.nhg.org/sites/default/files/content/nhg_org/uploads/indicatoren_diabetes.pdf', 'diabetespati?nten type 2 ', '% diabetespati?nten type 2 van alle bekende diabetespati?nten (eerste en tweede lijn) in de praktijkpopulatie aan het einde van de rapportageperiode (noemer is bekende diabetespati?nten)', 'bekende diabetespati?nten', 'T90.02; Indicatoren over de gehele praktijkpopulatie (vaste, bij de huisarts ingeschreven pati?nten met leeftijd onder de 80 jaar)', ''),
	(5, 'diabetes', '', '5', 2011, 'nvt', 'http://www.nhg.org/sites/default/files/content/nhg_org/uploads/indicatoren_diabetes.pdf', 'eerste lijn en ingeschreven', '% van alle diabetespati?nten die in de eerste lijn worden behandeld (definitie: huisarts is hoofdbehandelaar voor 12 maanden of meer) en die 12 maanden of meer zijn ingeschreven in de praktijkpopulatie aan het einde van de rapportageperiode (noemer is praktijkpopulatie).', 'praktijkpopulatie', 'Indicatoren over de gehele praktijkpopulatie (vaste, bij de huisarts ingeschreven pati?nten met leeftijd onder de 80 jaar)', ''),
	(6, 'diabetes', 'HbA1c', '6', 2011, 'proces', 'http://www.nhg.org/sites/default/files/content/nhg_org/uploads/indicatoren_diabetes.pdf', 'HbA1c measured', '% diabetes patients whose HbA1c has been measured within the previous 12 months. ', 'diabetes patients whose main caregiver is the general practitioner for 12 months or longer and who have been registered with the practice for 12 months or longer at the end of the reporting period ', '2816, HBAC B in 12 maanden', ''),
	(8, 'diabetes', 'HbA1c', '36', 2011, 'uitkomst', 'http://www.nhg.org/sites/default/files/content/nhg_org/uploads/indicatoren_diabetes.pdf', 'HbA1c below 53 mmol/mol (< 53)', '% diabetespati?nten met HbA1c onder de 53 mmol/mol (< 53)', '% van alle diabetespati?nten die in de eerste lijn worden behandeld (definitie: huisarts is hoofdbehandelaar voor 12 maanden of meer) en die 12 maanden of meer zijn ingeschreven in de praktijkpopulatie aan het einde van de rapportageperiode.', '2816, HBAC B laatste waarde in 12 maanden', ''),
	(10, 'diabetes', 'HbA1c', '37', 2011, 'uitkomst', 'http://www.nhg.org/sites/default/files/content/nhg_org/uploads/indicatoren_diabetes.pdf', 'HbA1c above 69 mmol/mol (> 69) ', 'met HbA1c boven de 69 mmol/mol (> 69)', '% van alle diabetespati?nten die in de eerste lijn worden behandeld (definitie: huisarts is hoofdbehandelaar voor 12 maanden of meer) en die 12 maanden of meer zijn ingeschreven in de praktijkpopulatie aan het einde van de rapportageperiode.', '2816, HBAC B laatste waarde in 12 maanden', ''),
	(7, 'diabetes', 'HbA1c', '6', 2011, 'proces', 'http://www.nhg.org/sites/default/files/content/nhg_org/uploads/indicatoren_diabetes.pdf', 'HbA1c not measured', '% diabetespati?nten bij wie geen HbA1c in de afgelopen 12 maanden is bepaald', '% van alle diabetespati?nten die in de eerste lijn worden behandeld (definitie: huisarts is hoofdbehandelaar voor 12 maanden of meer) en die 12 maanden of meer zijn ingeschreven in de praktijkpopulatie aan het einde van de rapportageperiode.', 'Missing 2816, HBAC B in 12 maanden', ''),
	(9, 'diabetes', 'HbA1c', '36', 2011, 'uitkomst', 'http://www.nhg.org/sites/default/files/content/nhg_org/uploads/indicatoren_diabetes.pdf', 'HbA1c between 53 and 69 mmol/mol', '% diabetespati?nten met HbA1c tussen de 53 mmol/mol (>= 53) en 69 mmol/mol (<= 69)', '% van alle diabetespati?nten die in de eerste lijn worden behandeld (definitie: huisarts is hoofdbehandelaar voor 12 maanden of meer) en die 12 maanden of meer zijn ingeschreven in de praktijkpopulatie aan het einde van de rapportageperiode.', '2816, HBAC B laatste waarde in 12 maanden', ''),
	(11, 'diabetes', 'Bloeddruk', '9', 2011, 'proces', 'http://www.nhg.org/sites/default/files/content/nhg_org/uploads/indicatoren_diabetes.pdf', 'bloeddruk bepaald', '% diabetespati?nten bij wie de bloeddruk in de afgelopen 12 maanden is bepaald', '% van alle diabetespati?nten die in de eerste lijn worden behandeld (definitie: huisarts is hoofdbehandelaar voor 12 maanden of meer) en die 12 maanden of meer zijn ingeschreven in de praktijkpopulatie aan het einde van de rapportageperiode.', '1744, RRSY KA of 2055, RRSY KA MH in 12 maanden', ''),
	(12, 'diabetes', 'Bloeddruk', '9', 2011, 'proces', 'http://www.nhg.org/sites/default/files/content/nhg_org/uploads/indicatoren_diabetes.pdf', 'bloeddruk niet bepaald', '% diabetespati?nten bij wie de bloeddruk in de afgelopen 12 maanden niet is bepaald', '% van alle diabetespati?nten die in de eerste lijn worden behandeld (definitie: huisarts is hoofdbehandelaar voor 12 maanden of meer) en die 12 maanden of meer zijn ingeschreven in de praktijkpopulatie aan het einde van de rapportageperiode.', 'Missing 1744, RRSY KA of 2055, RRSY KA MH in 12 maanden', ''),
	(13, 'diabetes', 'Bloeddruk', '42', 2011, 'uitkomst', 'http://www.nhg.org/sites/default/files/content/nhg_org/uploads/indicatoren_diabetes.pdf', 'bloeddruk van 140 mm Hg of lager (<= 140)', '% diabetespati?nten met systolische bloeddruk van 140 mm Hg of lager (<= 140)', '% van alle diabetespati?nten die in de eerste lijn worden behandeld (definitie: huisarts is hoofdbehandelaar voor 12 maanden of meer) en die 12 maanden of meer zijn ingeschreven in de praktijkpopulatie aan het einde van de rapportageperiode.', '1744, RRSY KA of 2055, RRSY KA MH laatste waarde in 12 maanden', ''),
	(52, 'asthma', '', '2', 2011, 'structuur', 'http://www.nhg.org/sites/default/files/content/nhg_org/uploads/ha-astma-indicatoren-v1.2-sep11.pdf', 'pati?nten bekend met astma in de eerste lijn', '% pati?nten bekend met astma van 16 jaar en ouder die in de eerste lijn worden  behandeld (definitie: huisarts is hoofdbehandelaar) in de praktijkpopulatie aan het  einde van de rapportageperiode ', '(praktijk)populatie', 'ICPC  diagn. bep.  R96 en  2406, ASHB RZ  2406, ASHB RZ = 48,  ??uisarts??,  laatste bepaling ooit', ''),
	(15, 'diabetes', 'Bloeddruk', '42', 2011, 'uitkomst', 'http://www.nhg.org/sites/default/files/content/nhg_org/uploads/indicatoren_diabetes.pdf', 'bloeddruk hoger dan 160 mm Hg (> 160)', '% diabetespati?nten met systolische bloeddruk hoger dan 160 mm Hg (> 160)', '% van alle diabetespati?nten die in de eerste lijn worden behandeld (definitie: huisarts is hoofdbehandelaar voor 12 maanden of meer) en die 12 maanden of meer zijn ingeschreven in de praktijkpopulatie aan het einde van de rapportageperiode.', '1744, RRSY KA of 2055, RRSY KA MH laatste waarde in 12 maanden', ''),
	(14, 'diabetes', 'Bloeddruk', '42', 2011, 'uitkomst', 'http://www.nhg.org/sites/default/files/content/nhg_org/uploads/indicatoren_diabetes.pdf', 'bloeddruk hoger dan 140 mm Hg (> 140) en minder (<= 160)', '% diabetespati?nten met systolische bloeddruk hoger dan 140 mm Hg (> 140) en 160 of minder (<= 160)', '% van alle diabetespati?nten die in de eerste lijn worden behandeld (definitie: huisarts is hoofdbehandelaar voor 12 maanden of meer) en die 12 maanden of meer zijn ingeschreven in de praktijkpopulatie aan het einde van de rapportageperiode.', '1744, RRSY KA of 2055, RRSY KA MH laatste waarde in 12 maanden', ''),
	(56, 'asthma', 'Risico', '6', 2011, 'proces', 'http://www.nhg.org/sites/default/files/content/nhg_org/uploads/ha-astma-indicatoren-v1.2-sep11.pdf', 'advies om te stoppen met  roken', '% pati?nten die de afgelopen 12 maanden een advies kregen om te stoppen met  roken, in de groep pati?nten die roken', 'NB. subgroep', 'Diagn. Bep. 1739, ROOK AQ en  1814, ADMI AQ  1814, ADMI AQ, 1, ??a??,  laatste meting in afgelopen  12 maanden  NB: subgroep', ''),
	(16, 'diabetes', 'Lipidenprofiel', '11', 2011, 'proces', 'http://www.nhg.org/sites/default/files/content/nhg_org/uploads/indicatoren_diabetes.pdf', 'lipidenprofiel bepaalt', '% diabetespati?nten bij wie lipidenprofiel (totaal cholesterol en triglyceriden en HDL en LDL) is bepaald', '% van alle diabetespati?nten die in de eerste lijn worden behandeld (definitie: huisarts is hoofdbehandelaar voor 12 maanden of meer) en die 12 maanden of meer zijn ingeschreven in de praktijkpopulatie aan het einde van de rapportageperiode. ', '192, CHOL B MT en 446, HDL B en 1377, TRIG B en (542, LDL B of 2683, LDLD B) laatste waarden in 12 maanden', ''),
	(17, 'diabetes', 'Lipidenprofiel', '12', 2011, 'uitkomst', 'http://www.nhg.org/sites/default/files/content/nhg_org/uploads/indicatoren_diabetes.pdf', 'cholesterolwaarde lager dan 4,5 mmol/l (< 4,5)', '% diabetespati?nten met totaal cholesterolwaarde lager dan 4,5 mmol/l (< 4,5)', '% van alle diabetespati?nten die in de eerste lijn worden behandeld (definitie: huisarts is hoofdbehandelaar voor 12 maanden of meer) en die 12 maanden of meer zijn ingeschreven in de praktijkpopulatie aan het einde van de rapportageperiode.', '192, CHOL B MT laatste waarde in 12 maanden', ''),
	(18, 'diabetes', 'Lipidenprofiel', '13', 2011, 'uitkomst', 'http://www.nhg.org/sites/default/files/content/nhg_org/uploads/indicatoren_diabetes.pdf', 'LDL-cholesterolwaarde lager dan 2,5 mmol/l (< 2,5)', '% diabetespati?nten met LDL-cholesterolwaarde lager dan 2,5 mmol/l (< 2,5)', '% van alle diabetespati?nten die in de eerste lijn worden behandeld (definitie: huisarts is hoofdbehandelaar voor 12 maanden of meer) en die 12 maanden of meer zijn ingeschreven in de praktijkpopulatie aan het einde van de rapportageperiode.', '542, LDL B of 2683, LDLD B, laatste waarde in 12 maanden', ''),
	(19, 'diabetes', 'Lipidenprofiel', '14', 2011, 'proces', 'http://www.nhg.org/sites/default/files/content/nhg_org/uploads/indicatoren_diabetes.pdf', 'lipidenverlagend medicament ', '% diabetespati?nten die een lipidenverlagend medicament (bijvoorbeeld statines) gebruiken', '% van alle diabetespati?nten die in de eerste lijn worden behandeld (definitie: huisarts is hoofdbehandelaar voor 12 maanden of meer) en die 12 maanden of meer zijn ingeschreven in de praktijkpopulatie aan het einde van de rapportageperiode.', 'C10A bij actuele medicatie', ''),
	(20, 'diabetes', 'Nierfunctie', '15', 2011, 'proces', 'http://www.nhg.org/sites/default/files/content/nhg_org/uploads/indicatoren_diabetes.pdf', 'eGFR is berekend of bepaald', '% diabetespati?nten bij wie de eGFR is berekend of bepaald in de afgelopen 12 maanden', '% van alle diabetespati?nten die in de eerste lijn worden behandeld (definitie: huisarts is hoofdbehandelaar voor 12 maanden of meer) en die 12 maanden of meer zijn ingeschreven in de praktijkpopulatie aan het einde van de rapportageperiode.', '524, KREA O MK of 1918, KREA O FB of 1919, KREM O FB laatste waarde in 12 maanden', ''),
	(21, 'diabetes', 'Nierfunctie', '15', 2011, 'proces', 'http://www.nhg.org/sites/default/files/content/nhg_org/uploads/indicatoren_diabetes.pdf', 'eGFR niet berekend of bepaald', '% diabetespati?nten bij wie de eGFR niet berekend of bepaald is in de afgelopen 12 maanden', '% van alle diabetespati?nten die in de eerste lijn worden behandeld (definitie: huisarts is hoofdbehandelaar voor 12 maanden of meer) en die 12 maanden of meer zijn ingeschreven in de praktijkpopulatie aan het einde van de rapportageperiode.', 'Missing 524, KREA O MK of 1918, KREA O FB of 1919, KREM O FB laatste waarde in 12 maanden', ''),
	(22, 'diabetes', 'Nierfunctie', '15', 2011, 'uitkomst', 'http://www.nhg.org/sites/default/files/content/nhg_org/uploads/indicatoren_diabetes.pdf', 'eGFR hoger dan 60 ml/min (>= 60)', '% diabetespati?nten met een eGFR hoger dan 60 ml/min (>= 60)', '% van alle diabetespati?nten die in de eerste lijn worden behandeld (definitie: huisarts is hoofdbehandelaar voor 12 maanden of meer) en die 12 maanden of meer zijn ingeschreven in de praktijkpopulatie aan het einde van de rapportageperiode.', '524, KREA O MK of 1918, KREA O FB of 1919, KREM O FB laatste waarde in 12 maanden', ''),
	(23, 'diabetes', 'Nierfunctie', '16', 2011, 'uitkomst', 'http://www.nhg.org/sites/default/files/content/nhg_org/uploads/indicatoren_diabetes.pdf', 'eGFR tussen 60 ml/min (< 60) en 30 (>= 30)', '% diabetespati?nten met een eGFR tussen 60 ml/min (< 60) en 30 (>= 30)', '% van alle diabetespati?nten die in de eerste lijn worden behandeld (definitie: huisarts is hoofdbehandelaar voor 12 maanden of meer) en die 12 maanden of meer zijn ingeschreven in de praktijkpopulatie aan het einde van de rapportageperiode.', '524, KREA O MK of 1918, KREA O FB of 1919, KREM O FB laatste waarde in 12 maanden', ''),
	(24, 'diabetes', 'Nierfunctie', '17', 2011, 'uitkomst', 'http://www.nhg.org/sites/default/files/content/nhg_org/uploads/indicatoren_diabetes.pdf', 'eGFR lager dan 30 ml/min (< 30)', '% diabetespati?nten met een eGFR lager is dan 30 ml/min (< 30)', '% van alle diabetespati?nten die in de eerste lijn worden behandeld (definitie: huisarts is hoofdbehandelaar voor 12 maanden of meer) en die 12 maanden of meer zijn ingeschreven in de praktijkpopulatie aan het einde van de rapportageperiode.', '524, KREA O MK of 1918, KREA O FB of 1919, KREM O FB laatste waarde in 12 maanden', ''),
	(25, 'diabetes', 'Nierfunctie', '18', 2011, 'proces', 'http://www.nhg.org/sites/default/files/content/nhg_org/uploads/indicatoren_diabetes.pdf', 'urineonderzoek op albumine of albumine/kreatinine ratio', '% diabetespati?nten met urineonderzoek (porties) op albumine of albumine/kreatinine ratio in de afgelopen 12 maanden', '% van alle diabetespati?nten die in de eerste lijn worden behandeld (definitie: huisarts is hoofdbehandelaar voor 12 maanden of meer) en die 12 maanden of meer zijn ingeschreven in de praktijkpopulatie aan het einde van de rapportageperiode.', '38, ALB U of 40, ALBK U MI laatste waarde in 12 maanden', ''),
	(26, 'diabetes', 'Roken', '19', 2011, 'proces', 'http://www.nhg.org/sites/default/files/content/nhg_org/uploads/indicatoren_diabetes.pdf', 'rookgedrag bekend', '% diabetespati?nten waarvan het rookgedrag bekend is NB. Alleen voor ex-rokers en rokers moet jaarlijks de rookstatus worden geactualiseerd', '% van alle diabetespati?nten die in de eerste lijn worden behandeld (definitie: huisarts is hoofdbehandelaar voor 12 maanden of meer) en die 12 maanden of meer zijn ingeschreven in de praktijkpopulatie aan het einde van de rapportageperiode.', '1739, ROOK AQ 3, ??ooit??, laatste bepaling ooit of (4, ??oorheen?? of 1, ??a??, laatste waarde in afgelopen 12 maanden) - Alleen voor ex-rokers en rokers moet jaarlijks de rookstatus worden geactualiseerd', ''),
	(27, 'diabetes', 'Roken', '19', 2011, 'proces', 'http://www.nhg.org/sites/default/files/content/nhg_org/uploads/indicatoren_diabetes.pdf', 'rookgedrag niet bekend', '% diabetespati?nten waarvan het rookgedrag niet bekend is', '% van alle diabetespati?nten die in de eerste lijn worden behandeld (definitie: huisarts is hoofdbehandelaar voor 12 maanden of meer) en die 12 maanden of meer zijn ingeschreven in de praktijkpopulatie aan het einde van de rapportageperiode.', 'MISSING 1739, ROOK AQ 3, ??ooit??, laatste bepaling ooit of (4, ??oorheen?? of 1, ??a??, laatste waarde in afgelopen 12 maanden) - Alleen voor ex-rokers en rokers moet jaarlijks de rookstatus worden geactualiseerd', ''),
	(28, 'diabetes', 'Roken', '34', 2011, 'uitkomst', 'http://www.nhg.org/sites/default/files/content/nhg_org/uploads/indicatoren_diabetes.pdf', 'pati?nten die roken', '% pati?nten die roken in de groep pati?nten waarvan het rookgedrag bekend is', '% diabetespati?nten waarvan het rookgedrag bekend is NB. Alleen voor ex-rokers en rokers moet jaarlijks de rookstatus worden geactualiseerd', '1739, ROOK AQ 1, ??a??; laatste meting in afgelopen 12 maanden NB: subgroep', ''),
	(29, 'diabetes', 'Roken', '34', 2011, 'uitkomst', 'http://www.nhg.org/sites/default/files/content/nhg_org/uploads/indicatoren_diabetes.pdf', 'pati?nten die niet roken', '% pati?nten die niet roken (nooit of gestopt)', '% diabetespati?nten waarvan het rookgedrag bekend is NB. Alleen voor ex-rokers en rokers moet jaarlijks de rookstatus worden geactualiseerd', '1739, ROOK AQ ROOK AQ=??ooit?? (3), laatste waarde ooit, of ROOK AQ= ??oorheen?? (4), laatste waarde in 12 maanden', ''),
	(30, 'diabetes', 'Roken', '35', 2011, 'proces', 'http://www.nhg.org/sites/default/files/content/nhg_org/uploads/indicatoren_diabetes.pdf', 'advies om te stoppen', '% pati?nten die de afgelopen 12 maanden een advies kregen om te stoppen met roken, in de groep pati?nten die roken', 'pati?nten die roken', '1739, ROOK AQ en 1814, ADMI AQ 1814, ADMI AQ, 1, ??a??, laatste meting in afgelopen 12 maanden NB: subgroep', ''),
	(31, 'diabetes', 'Voeding, Bewegen en BMI', '21', 2011, 'proces', 'http://www.nhg.org/sites/default/files/content/nhg_org/uploads/indicatoren_diabetes.pdf', 'Body Mass Index berekend (bekend) ', '% diabetespati?nten bij wie de Body Mass Index berekend (bekend) is in de afgelopen 12 maanden', '% van alle diabetespati?nten die in de eerste lijn worden behandeld (definitie: huisarts is hoofdbehandelaar voor 12 maanden of meer) en die 12 maanden of meer zijn ingeschreven in de praktijkpopulatie aan het einde van de rapportageperiode.', '1272, QUET AO laatste waarde in 12 maanden', ''),
	(32, 'diabetes', 'Voeding, Bewegen en BMI', '21', 2011, 'proces', 'http://www.nhg.org/sites/default/files/content/nhg_org/uploads/indicatoren_diabetes.pdf', 'Body Mass Index niet berekend (bekend) ', '% diabetespati?nten bij wie de Body Mass Index niet berekend (bekend) is in de afgelopen 12 maanden', '% van alle diabetespati?nten die in de eerste lijn worden behandeld (definitie: huisarts is hoofdbehandelaar voor 12 maanden of meer) en die 12 maanden of meer zijn ingeschreven in de praktijkpopulatie aan het einde van de rapportageperiode.', 'MISSING 1272, QUET AO Geen waarde in laatste 12 maanden', ''),
	(33, 'diabetes', 'Voeding, Bewegen en BMI', '22', 2011, 'uitkomst', 'http://www.nhg.org/sites/default/files/content/nhg_org/uploads/indicatoren_diabetes.pdf', 'Body Mass Index lager dan 25 kg/m2 (< 25)', '% diabetespati?nten bij wie de Body Mass Index lager is dan 25 kg/m2 (< 25)', '% van alle diabetespati?nten die in de eerste lijn worden behandeld (definitie: huisarts is hoofdbehandelaar voor 12 maanden of meer) en die 12 maanden of meer zijn ingeschreven in de praktijkpopulatie aan het einde van de rapportageperiode.', '1272, QUET AO laatste waarde in 12 maanden', ''),
	(34, 'diabetes', 'Voeding, Bewegen en BMI', '22', 2011, 'uitkomst', 'http://www.nhg.org/sites/default/files/content/nhg_org/uploads/indicatoren_diabetes.pdf', 'Body Mass Index tussen >= 25 en <=30', '% diabetespati?nten met een Body Mass Index tussen de 25 kg/m2 (>= 25)en de 30 kg/m2 (<=30)', '% van alle diabetespati?nten die in de eerste lijn worden behandeld (definitie: huisarts is hoofdbehandelaar voor 12 maanden of meer) en die 12 maanden of meer zijn ingeschreven in de praktijkpopulatie aan het einde van de rapportageperiode.', '1272, QUET AO laatste waarde in 12 maanden', ''),
	(35, 'diabetes', 'Voeding, Bewegen en BMI', '22', 2011, 'uitkomst', 'http://www.nhg.org/sites/default/files/content/nhg_org/uploads/indicatoren_diabetes.pdf', 'Body Mass Index hoger dan 30 kg/m2 (> 30)', '% diabetespati?nten bij wie de Body Mass Index hoger is dan 30 kg/m2 (> 30)', '% van alle diabetespati?nten die in de eerste lijn worden behandeld (definitie: huisarts is hoofdbehandelaar voor 12 maanden of meer) en die 12 maanden of meer zijn ingeschreven in de praktijkpopulatie aan het einde van de rapportageperiode.', '1272, QUET AO laatste waarde in 12 maanden', ''),
	(36, 'diabetes', 'Voeding, Bewegen en BMI', '38', 2011, 'proces', 'http://www.nhg.org/sites/default/files/content/nhg_org/uploads/indicatoren_diabetes.pdf', 'voedingspatroon besproken', '% diabetespati?nten waarbij het voedingspatroon is besproken in de afgelopen 12 maanden', '% van alle diabetespati?nten die in de eerste lijn worden behandeld (definitie: huisarts is hoofdbehandelaar voor 12 maanden of meer) en die 12 maanden of meer zijn ingeschreven in de praktijkpopulatie aan het einde van de rapportageperiode.', '2138, BYVD AA of 2718, BZVD AA of 1764, VOED TZ laatste waarde in 12 maanden', ''),
	(37, 'diabetes', 'Voeding, Bewegen en BMI', '43', 2011, 'proces', 'http://www.nhg.org/sites/default/files/content/nhg_org/uploads/indicatoren_diabetes.pdf', 'alcoholgebruik geregistreerd', '% diabetespati?nten waarbij het alcoholgebruik is geregistreerd in de afgelopen 5 jaar', '% van alle diabetespati?nten die in de eerste lijn worden behandeld (definitie: huisarts is hoofdbehandelaar voor 12 maanden of meer) en die 12 maanden of meer zijn ingeschreven in de praktijkpopulatie aan het einde van de rapportageperiode.', '1591, ALCO PQ of 2423, 5SHT PQ laatste waarde in afgelopen 5 jaar', ''),
	(38, 'diabetes', 'Voeding, Bewegen en BMI', '40', 2011, 'proces', 'http://www.nhg.org/sites/default/files/content/nhg_org/uploads/indicatoren_diabetes.pdf', 'lichaamsbeweging geregistreerd', '% diabetespati?nten waarbij de mate van lichaamsbeweging is geregistreerd in de afgelopen 12 maanden', '% van alle diabetespati?nten die in de eerste lijn worden behandeld (definitie: huisarts is hoofdbehandelaar voor 12 maanden of meer) en die 12 maanden of meer zijn ingeschreven in de praktijkpopulatie aan het einde van de rapportageperiode.', '1705, LIBW AQ of 3239, NNGB AQ laatste waarde in 12 maanden', ''),
	(39, 'diabetes', 'Voetonderzoek', '40', 2011, 'proces', 'http://www.nhg.org/sites/default/files/content/nhg_org/uploads/indicatoren_diabetes.pdf', 'diabetespati?nten met een voetonderzoek', '% diabetespati?nten met een voetonderzoek in de afgelopen 12 maanden', '% van alle diabetespati?nten die in de eerste lijn worden behandeld (definitie: huisarts is hoofdbehandelaar voor 12 maanden of meer) en die 12 maanden of meer zijn ingeschreven in de praktijkpopulatie aan het einde van de rapportageperiode.', '1641, DBLO LV LI en 1642, DBLO LV RE en 1697, INSP LV LI en 1698, INSP LV RE en 1710, MOFV NS LI en 1711, MOFV NS RE laatste waarde in 12 maanden', ''),
	(40, 'diabetes', 'Voetonderzoek', '41', 2011, 'proces', 'http://www.nhg.org/sites/default/files/content/nhg_org/uploads/indicatoren_diabetes.pdf', 'registratie van Simms classificatie van voetonderzoek', '% diabetespati?nten met een registratie van de Simm?? classificatie van het voetonderzoek', '% van alle diabetespati?nten die in de eerste lijn worden behandeld (definitie: huisarts is hoofdbehandelaar voor 12 maanden of meer) en die 12 maanden of meer zijn ingeschreven in de praktijkpopulatie aan het einde van de rapportageperiode.', '2196, RIVU SQ laatste waarde in 12 maanden', ''),
	(41, 'diabetes', 'Voetonderzoek', '24', 2011, 'uitkomst', 'http://www.nhg.org/sites/default/files/content/nhg_org/uploads/indicatoren_diabetes.pdf', 'diabetische voetafwijkingen', '% pati?nten met diabetische voetafwijkingen (bevindingen voetonderzoek afwijkend bij laatste controle)', '% van alle diabetespati?nten die in de eerste lijn worden behandeld (definitie: huisarts is hoofdbehandelaar voor 12 maanden of meer) en die 12 maanden of meer zijn ingeschreven in de praktijkpopulatie aan het einde van de rapportageperiode.', '1641, DBLO LV LI of 1642, DBLO LV RE of 1697, INSP LV LI of 1698, INSP LV RE of 1710, MOFV NS LI of 1711, MOFV NS RE = ??fwijkend?? (antwoord nr 13) laatste waarde in 12 maanden', ''),
	(42, 'diabetes', 'Oogonderzoek', '25', 2011, 'proces', 'http://www.nhg.org/sites/default/files/content/nhg_org/uploads/indicatoren_diabetes.pdf', 'funduscontrole', '% diabetespati?nten met een funduscontrole in de afgelopen 24 maanden', '% van alle diabetespati?nten die in de eerste lijn worden behandeld (definitie: huisarts is hoofdbehandelaar voor 12 maanden of meer) en die 12 maanden of meer zijn ingeschreven in de praktijkpopulatie aan het einde van de rapportageperiode.', '1638, DAFU FZ of 2129, FUFO FA of 1652, DMRP FA LI of 1653, DMRP FA RE Vastgelegde datum >= (peildatum ?? 24 maanden)', ''),
	(43, 'diabetes', 'Oogonderzoek', '26', 2011, 'uitkomst', 'http://www.nhg.org/sites/default/files/content/nhg_org/uploads/indicatoren_diabetes.pdf', 'diabetische retinopathie', '% diabetespati?nten met een diabetische retinopathie', '% van alle diabetespati?nten die in de eerste lijn worden behandeld (definitie: huisarts is hoofdbehandelaar voor 12 maanden of meer) en die 12 maanden of meer zijn ingeschreven in de praktijkpopulatie aan het einde van de rapportageperiode.', 'F83.01 of 1652, DMRP FA LI of 1653, DMRP FA RE bij ICPC: laatste registratie bij diagn. bep.: resultaat = 1 (ja) of 303 (licht tot matig) of 304 (ernstig)', ''),
	(44, 'diabetes', 'Behandeling', '27', 2011, 'proces', 'http://www.nhg.org/sites/default/files/content/nhg_org/uploads/indicatoren_diabetes.pdf', 'niet-medicamenteus behandeld (lifestyle en/of dieet)', '% pati?nten alleen niet-medicamenteus behandeld (lifestyle en/of dieet)', '% van alle diabetespati?nten die in de eerste lijn worden behandeld (definitie: huisarts is hoofdbehandelaar voor 12 maanden of meer) en die 12 maanden of meer zijn ingeschreven in de praktijkpopulatie aan het einde van de rapportageperiode.', 'indicator (5) dwz. De teller daarvan minus (28 plus 29 plus 30) dwz. Ook weer de tellers van deze', ''),
	(45, 'diabetes', 'Behandeling', '28', 2011, 'proces', 'http://www.nhg.org/sites/default/files/content/nhg_org/uploads/indicatoren_diabetes.pdf', 'alleen behandeld met orale antidiabetica', '% pati?nten medicamenteus alleen behandeld met orale antidiabetica', '% van alle diabetespati?nten die in de eerste lijn worden behandeld (definitie: huisarts is hoofdbehandelaar voor 12 maanden of meer) en die 12 maanden of meer zijn ingeschreven in de praktijkpopulatie aan het einde van de rapportageperiode.', 'A10B en niet A10A bij actuele medicatie', ''),
	(46, 'diabetes', 'Behandeling', '29', 2011, 'proces', 'http://www.nhg.org/sites/default/files/content/nhg_org/uploads/indicatoren_diabetes.pdf', 'orale antidiabetica en insuline', '% pati?nten medicamenteus behandeld met orale antidiabetica en insuline', '% van alle diabetespati?nten die in de eerste lijn worden behandeld (definitie: huisarts is hoofdbehandelaar voor 12 maanden of meer) en die 12 maanden of meer zijn ingeschreven in de praktijkpopulatie aan het einde van de rapportageperiode.', 'A10B en A10A bij actuele medicatie', ''),
	(47, 'diabetes', 'Behandeling', '30', 2011, 'proces', 'http://www.nhg.org/sites/default/files/content/nhg_org/uploads/indicatoren_diabetes.pdf', 'insuline', '% pati?nten medicamenteus alleen behandeld met insuline', '% van alle diabetespati?nten die in de eerste lijn worden behandeld (definitie: huisarts is hoofdbehandelaar voor 12 maanden of meer) en die 12 maanden of meer zijn ingeschreven in de praktijkpopulatie aan het einde van de rapportageperiode.', 'A10A en niet A10B bij actuele medicatie', ''),
	(48, 'diabetes', 'Behandeling', '32', 2011, 'proces', 'http://www.nhg.org/sites/default/files/content/nhg_org/uploads/indicatoren_diabetes.pdf', 'DM-2 EN BMI >= 25 metformine', '% pati?nten medicamenteus alleen behandeld met insuline', '% pati?nten met de diagnose DM-2 EN BMI >= 25 die metformine voorgeschreven krijgen (noemer: pati?nten met DM-2 EN BMI >=25)', 'T90.02 1272, QUET AO A10BA02 bij actuele medicatie', ''),
	(49, 'diabetes', 'Behandeling', '33', 2011, 'proces', 'http://www.nhg.org/sites/default/files/content/nhg_org/uploads/indicatoren_diabetes.pdf', 'gevaccineerd tegen influenza', '% pati?nten dat gevaccineerd is tegen influenza de voorafgaande 12 maanden', '% van alle diabetespati?nten die in de eerste lijn worden behandeld (definitie: huisarts is hoofdbehandelaar voor 12 maanden of meer) en die 12 maanden of meer zijn ingeschreven in de praktijkpopulatie aan het einde van de rapportageperiode.', 'R44', ''),
	(51, 'asthma', '', '1', 2011, 'structuur', 'http://www.nhg.org/sites/default/files/content/nhg_org/uploads/ha-astma-indicatoren-v1.2-sep11.pdf', 'pati?nten bekend met astma', 'pati?nten bekend met astma (eerste en tweede lijn) van 16 jaar en ouder in de  praktijkpopulatie aan het einde van de rapportageperiode', '(praktijk)populatie', 'ICPC R96 laatste bepaling ooit', ''),
	(50, 'diabetes', 'Totaal controlebeleid', '31', 2011, 'proces', 'http://www.nhg.org/sites/default/files/content/nhg_org/uploads/indicatoren_diabetes.pdf', 'Totaal controlebeleid', '% pati?nten met de combinatie van gegevens op eerder genoemde procesindicatoren (HbA1c, bloeddruk, lipidenprofiel, nierfunctie, rookgedrag, BMI, voetonderzoek en oogonderzoek)', 'diabetespati?nten die in de eerste lijn worden behandeld (definitie: huisarts  is hoofdbehandelaar voor 12 maanden of meer) en die 12 maanden of meer zijn  ingeschreven in de praktijkpopulatie aan het einde van de rapportageperiode (noemer  is praktijkpopulatie).', '2816, HBAC B en (1744, RRSY KA of 2055, RRSY KA MH) en (542, LDL B of 2683, LDLD B) en (524, KREA O MK of 1918, KREA O FB of 1919, KREM O FB) en 1739, ROOK AQ en 1272, QUET AO en 1710, MOFV NS LI en 1711, MOFV NS RE en (1638, DAFU FZ of 2129, FUFO FA of 1652, DMRP FA LI of 1653, DMRP FA RE) en 2196, RIVU SQ', ''),
	(53, 'asthma', '', '3', 2011, 'structuur', 'http://www.nhg.org/sites/default/files/content/nhg_org/uploads/ha-astma-indicatoren-v1.2-sep11.pdf', 'astma, eerste lijn en ingeschreven', '% pati?nten bekend met astma van 16 jaar en ouder die in de eerste lijn worden  behandeld (definitie: huisarts is hoofdbehandelaar) ?n minimaal 12 maanden zijn  ingeschreven in de praktijkpopulatie aan het einde van de rapportageperiode ', '(praktijk)populatie', 'ICPC  diagn. bep.  R96 en  2406, ASHB RZ  2406, ASHB RZ = 48,  ??uisarts??,  laatste bepaling ooit  inschrijfdatum <  (rapportagedatum ?? 1 jaar)', ''),
	(55, 'asthma', 'Risico', '5', 2011, 'uitkomst', 'http://www.nhg.org/sites/default/files/content/nhg_org/uploads/ha-astma-indicatoren-v1.2-sep11.pdf', 'pati?nten die roken', '% pati?nten die roken in de groep pati?nten waarvan het  rookgedrag bekend is. ', 'pati?nten waarvan het rookgedrag bekend is', 'diagn. bep. 1739, ROOK AQ 1, ??a??; laatste meting in  afgelopen 12 maanden  NB: subgroep ', ''),
	(54, 'asthma', 'Risico', '4', 2011, 'proces', 'http://www.nhg.org/sites/default/files/content/nhg_org/uploads/ha-astma-indicatoren-v1.2-sep11.pdf', 'rookgedrag bekend', '% pati?nten waarvan het rookgedrag bekend is (NB. Alleen voor ex-rokers en rokers moet jaarlijks de rookstatus  worden geactualiseerd)', '% pati?nten bekend met astma van 16 jaar en ouder die in de eerste lijn worden  behandeld (definitie: huisarts is hoofdbehandelaar) ?n minimaal 12 maanden zijn  ingeschreven in de praktijkpopulatie aan het einde van de rapportageperiode ', 'diagn. bep. 1739, ROOK AQ 3, ??ooit??, laatste bepaling  ooit of (4, ??oorheen?? of 1,  ??a??, laatste waarde in  afgelopen 12 maanden)', ''),
	(57, 'asthma', 'Risico', '13', 2011, 'proces', 'http://www.nhg.org/sites/default/files/content/nhg_org/uploads/ha-astma-indicatoren-v1.2-sep11.pdf', 'ooit een saneringsadvies', '% pati?nten dat ooit een saneringsadvies heeft gekregen', '% pati?nten bekend met astma van 16 jaar en ouder, die in de  eerste lijn worden behandeld (definitie: huisarts is  hoofdbehandelaar) ?n minimaal 12 maanden zijn ingeschreven in  de praktijkpopulatie aan het einde van de rapportageperiode ', 'diagn. bep. 1825, ADSA ZQ 1825, ADSA ZQ, 1, ??a??,  laatste bepaling ooit', ''),
	(59, 'asthma', 'Onderzoek', '8', 2011, 'proces', 'http://www.nhg.org/sites/default/files/content/nhg_org/uploads/ha-astma-indicatoren-v1.2-sep11.pdf', 'onderzoek naar allergie', '% pati?nten waarbij ooit onderzoek naar allergie gedaan is. ', '% pati?nten bekend met astma van 16 jaar en ouder, die in de  eerste lijn worden behandeld (definitie: huisarts is  hoofdbehandelaar) ?n minimaal 12 maanden zijn ingeschreven in  de praktijkpopulatie aan het einde van de rapportageperiode ', '852, PHAD B SR  Zie onderstaande tabel  Multi-rast (Phadiatop);  Specifieke antistof testen in  het bloed of huidpriktesten,  laatste bepaling ooit', ''),
	(60, 'asthma', 'Behandeling en Monitoring', '9', 2011, 'proces', 'http://www.nhg.org/sites/default/files/content/nhg_org/uploads/ha-astma-indicatoren-v1.2-sep11.pdf', 'volledige spirometrie', '% pati?nten met persisterend astma ?f die roken (zie voorgaande  omschrijving) waarbij een volledige spirometrie is gedaan in de  afgelopen 12 maanden in de groep pati?nten met persisterend  astma of die roken ', '% pati?nten met persisterend astma ?f die roken (diagn. bep. 1822, ASER RQ of  1739, ROOK AQ  1822, ASER RQ = 307  ??ersisterend astma??, laatste  bepaling ooit;  1739, ROOK AQ = 1, ??a??,  laatste meting in afgelopen  12 maanden)', 'diagn. bep. 1686, FVRV RL en 1677,  FVNB RL  subgroep;', ''),
	(58, 'asthma', 'Onderzoek', '7', 2011, 'proces', 'http://www.nhg.org/sites/default/files/content/nhg_org/uploads/ha-astma-indicatoren-v1.2-sep11.pdf', 'diagnostische spirometrie ', '% pati?nten waarbij ooit een diagnostische spirometrie (test op reversibiliteit) gedaan  is', '% pati?nten bekend met astma van 16 jaar en ouder, die in de  eerste lijn worden behandeld (definitie: huisarts is  hoofdbehandelaar) ?n minimaal 12 maanden zijn ingeschreven in  de praktijkpopulatie aan het einde van de rapportageperiode ', 'diagn. bep. 1686, FVRV RL of  1685, FVRP RL of  1677, FVNB RL of  1679, FVNS RL of  2071, FVRN RL of  2069, FVSB RL of  2072, FRSB RL MI of  1904, FRNS RL MI of  1866, FRNB RL MI  FEV1 reversibiliteit postBD  of post stero?d  laatste bepaling ooit.  Voor historische bepalingen  is een breed vangnet  toegevoegd. Voor actueel  gebruik wordt aanbevolen  om de reversibiliteit middels  1686, FVRV RL vast te  leggen', ''),
	(61, 'asthma', 'Behandeling en Monitoring', '10', 2011, 'proces', 'http://www.nhg.org/sites/default/files/content/nhg_org/uploads/ha-astma-indicatoren-v1.2-sep11.pdf', 'voorschrift inhalatiecorticostero?den', '% pati?nten met chronisch gebruik van inhalatie  luchtwegverwijders ?n minimaal ??n voorschrift  inhalatiecorticostero?den in de groep pati?nten met chronisch  gebruik van inhalatie luchtwegverwijders in de afgelopen 12  maanden', '% pati?nten met chronisch gebruik van inhalatie  luchtwegverwijders in de afgelopen 12 maanden  ATC R03A defini?ring subgroep voor  volgende indicator;  laatste drie prescripties in  afgelopen 12 maanden ', 'ATC R03A en R03B ', ''),
	(62, 'asthma', 'Behandeling en Monitoring', '11', 2011, 'proces', 'http://www.nhg.org/sites/default/files/content/nhg_org/uploads/ha-astma-indicatoren-v1.2-sep11.pdf', 'gevaccineerd tegen influenza', '% pati?nten dat gevaccineerd is tegen influenza de voorafgaande 12 maanden ', '% pati?nten bekend met astma van 16 jaar en ouder die in de eerste lijn worden  behandeld (definitie: huisarts is hoofdbehandelaar) ?n minimaal 12 maanden zijn  ingeschreven in de praktijkpopulatie aan het einde van de rapportageperiode ', 'ICPC R44 laatste meting in afgelopen  12 maanden ', ''),
	(63, 'asthma', 'Behandeling en Monitoring', '12', 2011, 'proces', 'http://www.nhg.org/sites/default/files/content/nhg_org/uploads/ha-astma-indicatoren-v1.2-sep11.pdf', 'inhalatietechniek gecontroleerd', '% pati?nten waarbij de inhalatietechniek is gecontroleerd de afgelopen 12 maanden  in de groep pati?nten die chronisch inhalatiemedicatie gebruikt ', '% pati?nten dat chronisch inhalatiemedicatie gebruikt in de afgelopen 12 maanden (ATC R03A of  R03B  defini?ring subgroep voor  volgende indicator, noemer  voor volgende indicator;  laatste drie prescripties in  afgelopen 12 maanden)', 'diagn. bep. 1608, ASIT RQ subgroep;  laatste meting in afgelopen  12 maanden', ''),
	(64, 'COPD', '', '1', 2011, 'structuur', 'http://www.nhg.org/sites/default/files/content/nhg_org/uploads/indicatoren_copd.pdf', 'pati?nten bekend met COPD', '% pati?nten bekend met COPD (eerste en tweede lijn) in de praktijkpopulatie  aan het einde van de rapportageperiode', ' (praktijk)populatie ', 'ICPC R95 laatste waarde ooit', ''),
	(65, 'COPD', '', '2', 2011, 'structuur', 'http://www.nhg.org/sites/default/files/content/nhg_org/uploads/indicatoren_copd.pdf', 'COPD in de eerste lijn', '% pati?nten bekend met COPD die in de eerste lijn worden behandeld  (definitie: huisarts is hoofdbehandelaar voor 12 maanden of meer) in de  praktijkpopulatie aan het einde van de rapportageperiode', '(praktijk)populatie', 'ICPC diagn. bep. R95 en 2407, COHB RZ 2407, COHB RZ = 48,  ??uisarts??, laatste waarde ooit', ''),
	(66, 'COPD', '', '3', 2011, 'structuur', 'http://www.nhg.org/sites/default/files/content/nhg_org/uploads/indicatoren_copd.pdf', 'eerste lijn ?n ingeschreven', '% pati?nten bekend met COPD die in de eerste lijn worden  behandeld (definitie: huisarts is hoofdbehandelaar voor 12  maanden of meer) ?n minimaal 12 maanden zijn ingeschreven  in de praktijkpopulatie aan het einde van de rapportageperiode', '(praktijk)populatie', 'ICPC diagn. bep. R95 en 2407, COHB RZ 2407, COHB RZ = 48,  ??uisarts??, laatste waarde ooit inschrijfdatum <  (rapportagedatum ?? 1 jaar)', ''),
	(67, 'COPD', 'Roken', '4', 2011, 'proces', 'http://www.nhg.org/sites/default/files/content/nhg_org/uploads/indicatoren_copd.pdf', 'rookgedrag bekend', '% pati?nten waarvan het rookgedrag bekend is NB. Alleen voor ex-rokers en rokers moet jaarlijks de  rookstatus worden geactualiseerd', 'alle pati?nten bekend COPD van wie de huisarts hoofdbehandelaar is voor 12 maanden of meer en die 12 maanden of meer zijn ingeschreven', 'leeftijd > 40 jaar en < 80 jaar; diagn. bep. 1739, ROOK AQ 3, ??ooit??, laatste bepaling ooit  of (4, ??oorheen?? of 1, ??a??,  laatste waarde in afgelopen 12  maanden)', ''),
	(68, 'COPD', 'Roken', '5', 2011, 'uitkomst', 'http://www.nhg.org/sites/default/files/content/nhg_org/uploads/indicatoren_copd.pdf', 'pati?nten die roken', '% pati?nten die roken in de groep pati?nten waarvan het rookgedrag bekend is', 'pati?nten waarvan het rookgedrag bekend is', '> 40 jaar en < 80 jaar; diagn. bep. 1739, ROOK AQ 1, ??a??; laatste meting in  afgelopen 12 maanden NB: subgroep', ''),
	(69, 'COPD', 'Roken', '6', 2011, 'proces', 'http://www.nhg.org/sites/default/files/content/nhg_org/uploads/indicatoren_copd.pdf', 'advies om te stoppen', '% pati?nten met een advies om te stoppen met roken in de afgelopen 12  maanden in de groep pati?nten die roken', 'pati?nten die roken in de groep pati?nten waarvan het rookgedrag bekend is', 'leeftijd > 40 jaar en < 80 jaar; diagn. bep. 1739, ROOK AQ en 1814, ADMI AQ 1814, ADMI AQ, 1, ??a??, laatste  meting in afgelopen 12 maanden NB: subgroep', ''),
	(70, 'COPD', 'BMI', '7', 2011, 'proces', 'http://www.nhg.org/sites/default/files/content/nhg_org/uploads/indicatoren_copd.pdf', 'Body Mass Index berekend', '% pati?nten bij wie de Body Mass Index berekend is in de afgelopen 12  maanden', 'alle pati?nten bekend COPD van wie de huisarts hoofdbehandelaar is voor 12 maanden of meer en die 12 maanden of meer zijn ingeschreven', 'leeftijd > 40 jaar en < 80 jaar; diagn. bep. 1272, QUET AO laatste meting in afgelopen 12  maanden', ''),
	(71, 'COPD', 'Behandeling en monitoring', '8', 2011, 'proces', 'http://www.nhg.org/sites/default/files/content/nhg_org/uploads/indicatoren_copd.pdf', 'inhalatietechniek gecontroleerd ', '% pati?nten waarbij inhalatietechniek is gecontroleerd in de  afgelopen 12 maanden', 'alle pati?nten bekend COPD van wie de huisarts hoofdbehandelaar is voor 12 maanden of meer en die 12 maanden of meer zijn ingeschreven', 'leeftijd > 40 jaar en < 80 jaar; diagn. bep. 1608, ASIT RQ laatste meting in afgelopen 12  maanden', ''),
	(72, 'COPD', 'Behandeling en Monitoring', '9', 2011, 'proces', 'http://www.nhg.org/sites/default/files/content/nhg_org/uploads/indicatoren_copd.pdf', 'spirometrie', '% pati?nten waarbij een spirometrie (FEV1/FVC ratio post  BD) gedaan is in de afgelopen 12 maanden', 'alle pati?nten bekend COPD van wie de huisarts hoofdbehandelaar is voor 12 maanden of meer en die 12 maanden of meer zijn ingeschreven', 'leeftijd > 40 jaar en < 80 jaar; diagn. bep. 1866, FRNB RL MI laatste meting in afgelopen 12  maanden', ''),
	(73, 'COPD', 'Behandeling en Monitoring', '10', 2011, 'proces', 'http://www.nhg.org/sites/default/files/content/nhg_org/uploads/indicatoren_copd.pdf', 'vaccinatie tegen influenza', '% pati?nten die vaccinatie tegen influenza hebben gehad in de  voorafgaande 12 maanden', '??lle pati?nten bekend COPD van wie de huisarts hoofdbehandelaar is voor 12 maanden of meer en die 12 maanden of meer zijn ingeschreven', 'leeftijd > 40 jaar en < 80 jaar; ICPC R44 laatste meting in afgelopen 12  maanden', ''),
	(74, 'COPD', 'Behandeling en Monitoring', '11', 2011, 'proces', 'http://www.nhg.org/sites/default/files/content/nhg_org/uploads/indicatoren_copd.pdf', 'functioneren van de pati?nt vastgelegd', '% pati?nten waarbij het functioneren van de pati?nt volgens een  gestructureerde methode is vastgelegd de afgelopen 12 maanden (volgens  CCQ of RIQ-MON10 of MRC)', 'alle pati?nten bekend COPD van wie de huisarts hoofdbehandelaar is voor 12 maanden of meer en die 12 maanden of meer zijn ingeschreven', 'leeftijd > 40 jaar en < 80 jaar; diagn. bep. 2402, CCQT RQ of 1606, ASHS RQ of 2210, MRCD RQ laatste meting in afgelopen 12  maanden', ''),
	(75, 'COPD', 'Behandeling en Monitoring', '12', 2011, 'proces', 'http://www.nhg.org/sites/default/files/content/nhg_org/uploads/indicatoren_copd.pdf', 'mate van beweging gecontroleerd', '% pati?nten waarbij de mate van beweging is gecontroleerd in de  voorafgaande 12 maanden', 'alle pati?nten bekend COPD van wie de huisarts hoofdbehandelaar is voor 12 maanden of meer en die 12 maanden of meer zijn ingeschreven', 'leeftijd > 40 jaar en < 80 jaar; diagn. bep. 1705, LIBW AQ of 3239, NNGB AQ  laatste meting in afgelopen 12  maanden', ''),
	(76, 'COPD', 'Behandeling en Monitoring', '13', 2011, 'proces', 'http://www.nhg.org/sites/default/files/content/nhg_org/uploads/indicatoren_copd.pdf', 'ernst van de aandoening geregistreerd', '% pati?nten waarbij de ernst van de aandoening volgens de  GOLD-classificatie is geregistreerd in de afgelopen 5 jaar', 'alle pati?nten bekend COPD van wie de huisarts hoofdbehandelaar is voor 12 maanden of meer en die 12 maanden of meer zijn ingeschreven', 'leeftijd > 40 jaar en < 80 jaar; diagn. bep. 2209, COER RQ laatste meting in afgelopen 5  jaar', ''),
	(77, 'COPD', 'Behandeling en Monitoring', '14', 2011, 'uitkomst', 'http://www.nhg.org/sites/default/files/content/nhg_org/uploads/indicatoren_copd.pdf', '2 of  meer (nieuwe) exacerbaties', '% pati?nten waarbij zich in de afgelopen 12 maanden 2 of  meer (nieuwe) exacerbaties hebben voorgedaan', 'alle pati?nten bekend COPD van wie de huisarts hoofdbehandelaar is voor 12 maanden of meer en die 12 maanden of meer zijn ingeschreven', 'leeftijd > 40 jaar en < 80 jaar; diagn. bep. 3014, COEX RQ 3014, COEX RX: meting komt  >= 2 voor in afgelopen 12  maanden', ''),
	(78, 'CVRM', '', '1', 2011, 'structuur', 'http://www.nhg.org/sites/default/files/content/nhg_org/uploads/indicatoren_hvz.pdf', 'pati?nten bekend met HVZ', '% pati?nten bekend met HVZ (myocardinfarct, angina pectoris, TIA,  herseninfarct, aneurysma aortae of perifeer arterieel vaatlijden) in de  praktijkpopulatie aan het einde van de rapportageperiode (noemer is  praktijkpopulatie)', '(praktijk)populatie', 'ICPC K74 K75 K76 K89 K90.03 K92.01 K99.01 (??n of meerdere) laatst bekende waarde ooit NB. bij sommige ICPC-rubrieken  gaat het alleen om specifieke  subcodes.', ''),
	(79, 'CVRM', '', '24', 2011, 'structuur', 'http://www.nhg.org/sites/default/files/content/nhg_org/uploads/indicatoren_hvz.pdf', 'huisarts  voor 12 maanden of meer hoofdbehandelaar voor het CV-beleid', '% pati?nten bekend met HVZ waarbij aangenomen kan worden dat de huisarts  voor 12 maanden of meer hoofdbehandelaar is voor het CV-beleid in de  praktijkpopulatie', '(praktijk)populatie', '2815, CVHB KZ 2815 = 48 (huisarts ) voor 12  maanden of meer (>= 12 maanden)  of 2815 ontbreekt of is leeg', ''),
	(80, 'CVRM', '', '2', 2011, 'structuur', 'http://www.nhg.org/sites/default/files/content/nhg_org/uploads/indicatoren_hvz.pdf', 'huisarts hoofdbehandelaar en ingeschreven', '% pati?nten bekend met HVZ waarbij aangenomen kan worden dat de huisarts  voor 12 maanden of meer hoofdbehandelaar is voor het CV-beleid en die 12  maanden of meer zijn ingeschreven bij de praktijk in de praktijkpopulatie', '(praktijk)populatie', 'Subgroep uit 1a', ''),
	(81, 'CVRM', 'Bloeddruk', '3', 2011, 'proces', 'http://www.nhg.org/sites/default/files/content/nhg_org/uploads/indicatoren_hvz.pdf', 'bloeddruk bepaald', '% pati?nten bekend met HVZ bij wie de bloeddruk in de afgelopen 12  maanden is bepaald', 'vaste pati?nten bekend met HVZ waarbij aangenomen kan worden dat de huisarts voor  12 maanden of meer hoofdbehandelaar is voor het CV-beleid ?n die 12 maanden of meer (>= 12 maanden) zijn ingeschreven bij de  praktijk en een leeftijd hebben van 80 jaar of minder', 'diagn. bep. 1744, RRSY KA laatste meting in afgelopen 12  maanden', ''),
	(82, 'CVRM', 'Bloeddruk', '25', 2011, 'uitkomst', 'http://www.nhg.org/sites/default/files/content/nhg_org/uploads/indicatoren_hvz.pdf', 'bloeddruk  gelijk is aan of lager is dan 140 mm Hg (<= 140)', '% pati?nten bekend met HVZ waarbij de laatst gemeten systolische bloeddruk  gelijk is aan of lager is dan 140 mm Hg (<= 140)', 'vaste pati?nten bekend met HVZ waarbij aangenomen kan worden dat de huisarts voor  12 maanden of meer hoofdbehandelaar is voor het CV-beleid ?n die 12 maanden of meer (>= 12 maanden) zijn ingeschreven bij de  praktijk en een leeftijd hebben van 80 jaar of minder', 'diagn. bep. 1744, RRSY KA laatste meting in afgelopen 12  maanden', ''),
	(83, 'CVRM', 'Lipidenprofiel', '26', 2011, 'proces', 'http://www.nhg.org/sites/default/files/content/nhg_org/uploads/indicatoren_hvz.pdf', 'LDL-cholesterol bepaald ', '% pati?nten bekend met HVZ bij wie LDL-cholesterol is bepaald in de  afgelopen 5 jaar', 'vaste pati?nten bekend met HVZ waarbij aangenomen kan worden dat de huisarts voor  12 maanden of meer hoofdbehandelaar is voor het CV-beleid ?n die 12 maanden of meer (>= 12 maanden) zijn ingeschreven bij de  praktijk en een leeftijd hebben van 80 jaar of minder', 'diagn. bep. 542, LDL B of  2683 LDLD B laatste meting in afgelopen 5 jaar', ''),
	(84, 'CVRM', 'Lipidenprofiel', '6', 2011, 'uitkomst', 'http://www.nhg.org/sites/default/files/content/nhg_org/uploads/indicatoren_hvz.pdf', 'LDL-cholesterolwaarde lager dan 2,5  mmol/l (< 2,5)', '% pati?nten bekend met HVZ met LDL-cholesterolwaarde lager dan 2,5  mmol/l (< 2,5)', 'vaste pati?nten bekend met HVZ waarbij aangenomen kan worden dat de huisarts voor  12 maanden of meer hoofdbehandelaar is voor het CV-beleid ?n die 12 maanden of meer (>= 12 maanden) zijn ingeschreven bij de  praktijk en een leeftijd hebben van 80 jaar of minder', 'diagn. bep. 542, LDL B of 2683, LDLD B laatste meting in afgelopen 5 jaar', ''),
	(85, 'CVRM', 'Lipidenprofiel', '7', 2011, 'proces', 'http://www.nhg.org/sites/default/files/content/nhg_org/uploads/indicatoren_hvz.pdf', 'geen  lipidenverlagend medicament voorgeschreven', '% pati?nten bekend met HVZ ?n LDL-cholesterol >= 2,5 die geen  lipidenverlagend medicament (bijvoorbeeld statines) krijgen voorgeschreven in  de groep pati?nten bekend met HVZ en LDL-cholesterol >= 2,5', 'subgroep', 'diagn. bep. ATC 542, LDL B of 2683, LDLD B C10A laatste bepaling in afgelopen 5  jaar; laatste voorschrift in  afgelopen 12 maanden (542, LDL B >= 2,5 of 2683,  LDLD B >= 2,5) en (missing  C10A)', ''),
	(86, 'CVRM', 'Roken', '8', 2011, 'proces', 'http://www.nhg.org/sites/default/files/content/nhg_org/uploads/indicatoren_hvz.pdf', 'rookgedrag bekend', '% pati?nten bekend met HVZ waarvan het rookgedrag bekend is. NB. alleen voor ex-rokers en rokers moet jaarlijks de rookstatus  worden geactualiseerd', 'vaste pati?nten bekend met HVZ waarbij aangenomen kan worden dat de huisarts voor  12 maanden of meer hoofdbehandelaar is voor het CV-beleid ?n die 12 maanden of meer (>= 12 maanden) zijn ingeschreven bij de  praktijk en een leeftijd hebben van 80 jaar of minder', 'diagn. bep. 1739, ROOK AQ 3, ??ooit??, laatste bepaling ooit of  (4, ??oorheen?? of 1, ??a??, laatste  waarde in afgelopen 12 maanden)', '');
/*!40000 ALTER TABLE `indicator_kathrin` ENABLE KEYS */;


-- 导出  表 diabetes.query_variable 结构
CREATE TABLE IF NOT EXISTS `query_variable` (
  `variableid` int(11) NOT NULL auto_increment,
  `userid` int(11) NOT NULL,
  `indicatorid` int(11) NOT NULL,
  `variable` varchar(200) NOT NULL,
  `table` varchar(200) NOT NULL,
  `isexclusion` tinyint(4) NOT NULL,
  `inserted` datetime default NULL,
  PRIMARY KEY  (`variableid`),
  KEY `userid` (`userid`),
  KEY `indicatorid` (`indicatorid`)
) ENGINE=MyISAM AUTO_INCREMENT=789 DEFAULT CHARSET=utf8;

-- 正在导出表  diabetes.query_variable 的数据：63 rows
DELETE FROM `query_variable`;
/*!40000 ALTER TABLE `query_variable` DISABLE KEYS */;
INSERT INTO `query_variable` (`variableid`, `userid`, `indicatorid`, `variable`, `table`, `isexclusion`, `inserted`) VALUES
	(720, 1, 1, 'diabetes', 'firstpage', 0, '2016-03-06 18:07:37'),
	(765, 1, 47, 'insulin therapy', 'treatment', 0, '2016-04-05 12:25:58'),
	(764, 1, 47, 'oral medication', 'treatment', 1, '2016-04-05 12:25:50'),
	(763, 1, 47, 'diabetes', 'firstpage', 0, '2016-04-05 12:25:38'),
	(762, 1, 46, 'insulin therapy', 'treatment', 0, '2016-04-05 12:13:13'),
	(755, 1, 44, 'diet therapy', 'treatment', 0, '2016-04-05 12:02:01'),
	(751, 1, 24, 'GFR measurement', 'lab_test', 0, '2016-04-05 11:02:45'),
	(749, 1, 23, 'GFR measurement', 'lab_test', 0, '2016-04-05 10:59:27'),
	(722, 1, 2, 'diabets', 'firstpage', 0, '2016-03-06 20:17:52'),
	(721, 1, 2, 'type I diabetes', 'firstpage', 0, '2016-03-06 20:17:39'),
	(781, 1, 50, 'fundus examination', 'examination', 0, '2016-04-05 14:01:32'),
	(780, 1, 50, 'foot examination', 'examination', 0, '2016-04-05 14:01:15'),
	(782, 1, 50, 'urinalysis', 'lab_test', 0, '2016-04-05 14:07:30'),
	(778, 1, 50, 'lipids measurement', 'lab_test', 0, '2016-04-05 14:00:33'),
	(787, 1, 4, 'diabetes', 'firstpage', 0, '2016-05-10 19:01:41'),
	(776, 1, 50, 'diabetes', 'firstpage', 0, '2016-04-05 14:00:15'),
	(777, 1, 50, 'HbA1c measurement', 'lab_test', 0, '2016-04-05 14:00:25'),
	(775, 1, 49, 'Influenza vaccination', 'treatment', 0, '2016-04-05 13:51:39'),
	(774, 1, 49, 'diabetes', 'firstpage', 0, '2016-04-05 13:51:12'),
	(773, 1, 48, 'metformin', 'treatment', 0, '2016-04-05 13:45:40'),
	(772, 1, 48, 'diabetes', 'firstpage', 0, '2016-04-05 13:45:33'),
	(761, 1, 46, 'oral medication', 'treatment', 0, '2016-04-05 12:13:07'),
	(760, 1, 46, 'diabetes', 'firstpage', 0, '2016-04-05 12:13:01'),
	(758, 1, 45, 'insulin therapy', 'treatment', 1, '2016-04-05 12:08:32'),
	(757, 1, 45, 'oral medication', 'treatment', 0, '2016-04-05 12:08:22'),
	(756, 1, 45, 'diabetes', 'firstpage', 0, '2016-04-05 12:08:08'),
	(754, 1, 44, 'insulin', 'treatment', 1, '2016-04-05 12:01:54'),
	(752, 1, 44, 'diabetes', 'firstpage', 0, '2016-04-05 12:01:33'),
	(753, 1, 44, 'oral medication', 'treatment', 1, '2016-04-05 12:01:46'),
	(771, 1, 42, 'diabetic retinopathy ', 'examination', 0, '2016-04-05 13:42:07'),
	(770, 1, 42, 'diabetes', 'firstpage', 0, '2016-04-05 13:41:45'),
	(785, 1, 43, 'diabetes', 'firstpage', 0, '2016-04-05 15:27:37'),
	(783, 1, 41, 'diabetes', 'firstpage', 0, '2016-04-05 15:21:32'),
	(769, 1, 39, 'diabetic foot', 'examination', 0, '2016-04-05 12:57:50'),
	(766, 1, 39, 'diabetes', 'firstpage', 0, '2016-04-05 12:35:03'),
	(687, 1, 37, 'alcohol screening', 'procedure_undertaken', 0, '2015-12-17 13:32:12'),
	(788, 1, 31, 'diabetes', 'firstpage', 0, '2016-05-17 20:15:08'),
	(684, 1, 37, 'diabetes', 'diagnosis', 0, '2015-12-17 13:31:15'),
	(745, 1, 33, 'diabetes', 'firstpage', 0, '2016-03-06 22:41:45'),
	(744, 1, 25, 'diabetes', 'firstpage', 0, '2016-03-06 22:37:29'),
	(746, 1, 20, 'GFR measurement', 'lab_test', 0, '2016-04-05 10:54:25'),
	(743, 1, 25, 'urinalysis', 'lab_test', 0, '2016-03-06 22:37:25'),
	(750, 1, 24, 'diabetes', 'firstpage', 0, '2016-04-05 11:02:38'),
	(748, 1, 23, 'diabetes', 'firstpage', 0, '2016-04-05 10:59:19'),
	(747, 1, 20, 'diabetes', 'firstpage', 0, '2016-04-05 10:54:35'),
	(742, 1, 19, 'lipid lowering drugs', 'treatment', 0, '2016-03-06 22:19:32'),
	(741, 1, 19, 'diabetes', 'firstpage', 0, '2016-03-06 22:19:18'),
	(739, 1, 18, 'diabetes', 'firstpage', 0, '2016-03-06 22:16:06'),
	(737, 1, 17, 'diabetes', 'firstpage', 0, '2016-03-06 22:07:29'),
	(738, 1, 17, 'lipids measurement', 'lab_test', 0, '2016-03-06 22:07:48'),
	(735, 1, 16, 'diabetes', 'firstpage', 0, '2016-03-06 22:02:47'),
	(733, 1, 13, 'diabetes', 'firstpage', 0, '2016-03-06 21:57:51'),
	(736, 1, 16, 'lipids measurement', 'lab_test', 0, '2016-03-06 22:02:56'),
	(740, 1, 18, 'lipids measurement', 'lab_test', 0, '2016-03-06 22:16:15'),
	(731, 1, 11, 'diabetes', 'firstpage', 0, '2016-03-06 21:22:17'),
	(729, 1, 10, 'diabetes', 'firstpage', 0, '2016-03-06 21:19:10'),
	(727, 1, 8, 'diabetes', 'firstpage', 0, '2016-03-06 20:52:12'),
	(728, 1, 8, 'HbA1c measurement', 'lab_test', 0, '2016-03-06 20:52:32'),
	(730, 1, 10, 'HbA1c measurement', 'lab_test', 0, '2016-03-06 21:19:16'),
	(726, 1, 6, 'diabetes', 'firstpage', 0, '2016-03-06 20:41:22'),
	(725, 1, 6, 'HbA1c measurement', 'lab_test', 0, '2016-03-06 20:40:54'),
	(723, 1, 3, 'type II diabetes', 'firstpage', 0, '2016-03-06 20:21:41'),
	(786, 1, 3, 'diabetes', 'firstpage', 0, '2016-05-10 19:00:26');
/*!40000 ALTER TABLE `query_variable` ENABLE KEYS */;


-- 导出  表 diabetes.user 结构
CREATE TABLE IF NOT EXISTS `user` (
  `firstname` text,
  `password` text,
  `unlock` tinyint(1) default NULL,
  `id` int(11) default NULL,
  `selectedall` tinyint(1) default NULL,
  `insertedlymphcode` tinyint(1) default NULL,
  `definedimlne` tinyint(1) default NULL,
  `selectedlne` tinyint(1) default NULL,
  `definedimlne2010` tinyint(1) default NULL,
  `selectedlne2010` tinyint(1) default NULL,
  `successmessage` text,
  `unlocked` tinyint(1) default NULL,
  `unlock_date` datetime default NULL
) ENGINE=MyISAM DEFAULT CHARSET=utf8;

-- 正在导出表  diabetes.user 的数据：1 rows
DELETE FROM `user`;
/*!40000 ALTER TABLE `user` DISABLE KEYS */;
INSERT INTO `user` (`firstname`, `password`, `unlock`, `id`, `selectedall`, `insertedlymphcode`, `definedimlne`, `selectedlne`, `definedimlne2010`, `selectedlne2010`, `successmessage`, `unlocked`, `unlock_date`) VALUES
	('test', 'test', 1, 1, 1, 1, 1, 1, 1, 1, NULL, 1, NULL);
/*!40000 ALTER TABLE `user` ENABLE KEYS */;
/*!40101 SET SQL_MODE=IFNULL(@OLD_SQL_MODE, '') */;
/*!40014 SET FOREIGN_KEY_CHECKS=IF(@OLD_FOREIGN_KEY_CHECKS IS NULL, 1, @OLD_FOREIGN_KEY_CHECKS) */;
/*!40101 SET CHARACTER_SET_CLIENT=@OLD_CHARACTER_SET_CLIENT */;
